K1_eta1_sigma_k,N,N_over_sample_expression,T,checker_absolute_difference,d,eta1,eta2,exact_rip_delta,factor,factor_value,final_normalized_stacked_distance_squared,final_stacked_distance_squared,initial_normalized_stacked_distance_squared,initial_stacked_distance_squared,k,kappa,permuted_task_control,realized_condition_number,realized_sigma_k_M_star,sample_expression_without_hidden_constants,seed,sigma,sigma_1_M_star,sigma_k,sigma_squared,success
80.0,32,1.2499999999999998,32,0.0,128,0.05,0.2,0.0,sigma_squared,0.04,0.09507048023079476,0.7605638418463581,0.9971022419861009,7.976817935888807,4,1.0,False,1.0,1.0,25.600000000000005,8601,0.2,1.0,1.0,0.04000000000000001,False
80.0,32,1.2499999999999998,32,1.1102230246251565e-16,128,0.05,0.2,0.0,sigma_squared,0.04,0.09302699660314236,0.744215972825139,0.9981772226702532,7.9854177813620275,4,1.0,False,1.0,1.0,25.600000000000005,8602,0.2,1.0,1.0,0.04000000000000001,False
80.0,32,1.2499999999999998,32,0.0,128,0.05,0.2,0.0,sigma_squared,0.04,0.10542023283257787,0.843361862660623,0.9973183693427953,7.978546954742362,4,1.0,False,1.0,1.0,25.600000000000005,8603,0.2,1.0,1.0,0.04000000000000001,False
80.0,32,1.2499999999999998,32,0.0,128,0.05,0.2,0.0,sigma_squared,0.04,0.0964091997857386,0.771273598285909,0.9968945939162273,7.97515675132982,4,1.0,False,1.0,1.0,25.600000000000005,8604,0.2,1.0,1.0,0.04000000000000001,False
80.0,32,1.2499999999999998,32,0.0,128,0.05,0.2,0.0,sigma_squared,0.04,0.08659932292699506,0.6927945834159603,0.9969519953735622,7.975615962988496,4,1.0,False,1.0,1.0,25.600000000000005,8605,0.2,1.0,1.0,0.04000000000000001,False
80.0,64,2.4999999999999996,32,5.551115123125783e-17,128,0.05,0.2,0.0,sigma_squared,0.04,0.04722021525248804,0.3777617220199043,0.9971022419861009,7.976817935888807,4,1.0,False,1.0,1.0,25.600000000000005,8601,0.2,1.0,1.0,0.04000000000000001,False
80.0,64,2.4999999999999996,32,0.0,128,0.05,0.2,0.0,sigma_squared,0.04,0.04596260521690072,0.36770084173520584,0.9981772226702532,7.9854177813620275,4,1.0,False,1.0,1.0,25.600000000000005,8602,0.2,1.0,1.0,0.04000000000000001,False
80.0,64,2.4999999999999996,32,5.551115123125783e-17,128,0.05,0.2,0.0,sigma_squared,0.04,0.051141990101396875,0.409135920811175,0.9973183693427953,7.978546954742362,4,1.0,False,1.0,1.0,25.600000000000005,8603,0.2,1.0,1.0,0.04000000000000001,False
80.0,64,2.4999999999999996,32,5.551115123125783e-17,128,0.05,0.2,0.0,sigma_squared,0.04,0.04765161687772686,0.38121293502181497,0.9968945939162273,7.97515675132982,4,1.0,False,1.0,1.0,25.600000000000005,8604,0.2,1.0,1.0,0.04000000000000001,False
80.0,64,2.4999999999999996,32,0.0,128,0.05,0.2,0.0,sigma_squared,0.04,0.04313795692396711,0.3451036553917368,0.9969519953735622,7.975615962988496,4,1.0,False,1.0,1.0,25.600000000000005,8605,0.2,1.0,1.0,0.04000000000000001,False
80.0,128,4.999999999999999,32,0.0,128,0.05,0.2,0.0,sigma_squared,0.04,0.023577558521187023,0.18862046816949618,0.9971022419861009,7.976817935888807,4,1.0,False,1.0,1.0,25.600000000000005,8601,0.2,1.0,1.0,0.04000000000000001,True
80.0,128,4.999999999999999,32,0.0,128,0.05,0.2,0.0,sigma_squared,0.04,0.022891941928704817,0.18313553542963856,0.9981772226702532,7.9854177813620275,4,1.0,False,1.0,1.0,25.600000000000005,8602,0.2,1.0,1.0,0.04000000000000001,True
80.0,128,4.999999999999999,32,0.0,128,0.05,0.2,0.0,sigma_squared,0.04,0.025118507634012622,0.20094806107210098,0.9973183693427953,7.978546954742362,4,1.0,False,1.0,1.0,25.600000000000005,8603,0.2,1.0,1.0,0.04000000000000001,False
80.0,128,4.999999999999999,32,0.0,128,0.05,0.2,0.0,sigma_squared,0.04,0.023690984957363853,0.18952787965891088,0.9968945939162273,7.97515675132982,4,1.0,False,1.0,1.0,25.600000000000005,8604,0.2,1.0,1.0,0.04000000000000001,True
80.0,128,4.999999999999999,32,0.0,128,0.05,0.2,0.0,sigma_squared,0.04,0.02162407930563606,0.17299263444508844,0.9969519953735622,7.975615962988496,4,1.0,False,1.0,1.0,25.600000000000005,8605,0.2,1.0,1.0,0.04000000000000001,True
80.0,256,9.999999999999998,32,0.0,128,0.05,0.2,0.0,sigma_squared,0.04,0.011793504106522947,0.09434803285218357,0.9971022419861009,7.976817935888807,4,1.0,False,1.0,1.0,25.600000000000005,8601,0.2,1.0,1.0,0.04000000000000001,True
80.0,256,9.999999999999998,32,0.0,128,0.05,0.2,0.0,sigma_squared,0.04,0.011437083340815094,0.09149666672652076,0.9981772226702532,7.9854177813620275,4,1.0,False,1.0,1.0,25.600000000000005,8602,0.2,1.0,1.0,0.04000000000000001,True
80.0,256,9.999999999999998,32,0.0,128,0.05,0.2,0.0,sigma_squared,0.04,0.012425868725262884,0.09940694980210307,0.9973183693427953,7.978546954742362,4,1.0,False,1.0,1.0,25.600000000000005,8603,0.2,1.0,1.0,0.04000000000000001,True
80.0,256,9.999999999999998,32,0.0,128,0.05,0.2,0.0,sigma_squared,0.04,0.011813675558888485,0.09450940447110791,0.9968945939162273,7.97515675132982,4,1.0,False,1.0,1.0,25.600000000000005,8604,0.2,1.0,1.0,0.04000000000000001,True
80.0,256,9.999999999999998,32,0.0,128,0.05,0.2,0.0,sigma_squared,0.04,0.010858446936959126,0.08686757549567299,0.9969519953735622,7.975615962988496,4,1.0,False,1.0,1.0,25.600000000000005,8605,0.2,1.0,1.0,0.04000000000000001,True
80.0,512,19.999999999999996,32,6.938893903907228e-18,128,0.05,0.2,0.0,sigma_squared,0.04,0.0059020533348733036,0.04721642667898643,0.9971022419861009,7.976817935888807,4,1.0,False,1.0,1.0,25.600000000000005,8601,0.2,1.0,1.0,0.04000000000000001,True
80.0,512,19.999999999999996,32,6.938893903907228e-18,128,0.05,0.2,0.0,sigma_squared,0.04,0.0057207133857177265,0.04576570708574182,0.9981772226702532,7.9854177813620275,4,1.0,False,1.0,1.0,25.600000000000005,8602,0.2,1.0,1.0,0.04000000000000001,True
80.0,512,19.999999999999996,32,0.0,128,0.05,0.2,0.0,sigma_squared,0.04,0.006172394880539894,0.04937915904431915,0.9973183693427953,7.978546954742362,4,1.0,False,1.0,1.0,25.600000000000005,8603,0.2,1.0,1.0,0.04000000000000001,True
80.0,512,19.999999999999996,32,0.0,128,0.05,0.2,0.0,sigma_squared,0.04,0.005899664166738492,0.04719731333390795,0.9968945939162273,7.97515675132982,4,1.0,False,1.0,1.0,25.600000000000005,8604,0.2,1.0,1.0,0.04000000000000001,True
80.0,512,19.999999999999996,32,0.0,128,0.05,0.2,0.0,sigma_squared,0.04,0.005452257326273767,0.04361805861019013,0.9969519953735622,7.975615962988496,4,1.0,False,1.0,1.0,25.600000000000005,8605,0.2,1.0,1.0,0.04000000000000001,True
80.0,1024,39.99999999999999,32,0.0,128,0.05,0.2,0.0,sigma_squared,0.04,0.0029537595572013534,0.023630076457610828,0.9971022419861009,7.976817935888807,4,1.0,False,1.0,1.0,25.600000000000005,8601,0.2,1.0,1.0,0.04000000000000001,True
80.0,1024,39.99999999999999,32,0.0,128,0.05,0.2,0.0,sigma_squared,0.04,0.00286242121261334,0.022899369700906724,0.9981772226702532,7.9854177813620275,4,1.0,False,1.0,1.0,25.600000000000005,8602,0.2,1.0,1.0,0.04000000000000001,True
80.0,1024,39.99999999999999,32,0.0,128,0.05,0.2,0.0,sigma_squared,0.04,0.0030735072537072207,0.024588058029657765,0.9973183693427953,7.978546954742362,4,1.0,False,1.0,1.0,25.600000000000005,8603,0.2,1.0,1.0,0.04000000000000001,True
80.0,1024,39.99999999999999,32,0.0,128,0.05,0.2,0.0,sigma_squared,0.04,0.0029483416794926784,0.023586733435941434,0.9968945939162273,7.97515675132982,4,1.0,False,1.0,1.0,25.600000000000005,8604,0.2,1.0,1.0,0.04000000000000001,True
80.0,1024,39.99999999999999,32,0.0,128,0.05,0.2,0.0,sigma_squared,0.04,0.002735929635939015,0.021887437087512118,0.9969519953735622,7.975615962988496,4,1.0,False,1.0,1.0,25.600000000000005,8605,0.2,1.0,1.0,0.04000000000000001,True
80.0,2048,79.99999999999999,32,0.0,128,0.05,0.2,0.0,sigma_squared,0.04,0.0014780553612526717,0.011824442890021374,0.9971022419861009,7.976817935888807,4,1.0,False,1.0,1.0,25.600000000000005,8601,0.2,1.0,1.0,0.04000000000000001,True
80.0,2048,79.99999999999999,32,0.0,128,0.05,0.2,0.0,sigma_squared,0.04,0.0014322629130474396,0.011458103304379519,0.9981772226702532,7.9854177813620275,4,1.0,False,1.0,1.0,25.600000000000005,8602,0.2,1.0,1.0,0.04000000000000001,True
80.0,2048,79.99999999999999,32,0.0,128,0.05,0.2,0.0,sigma_squared,0.04,0.0015326767066784351,0.012261413653427481,0.9973183693427953,7.978546954742362,4,1.0,False,1.0,1.0,25.600000000000005,8603,0.2,1.0,1.0,0.04000000000000001,True
80.0,2048,79.99999999999999,32,1.734723475976807e-18,128,0.05,0.2,0.0,sigma_squared,0.04,0.0014739115305482603,0.011791292244386086,0.9968945939162273,7.97515675132982,4,1.0,False,1.0,1.0,25.600000000000005,8604,0.2,1.0,1.0,0.04000000000000001,True
80.0,2048,79.99999999999999,32,1.734723475976807e-18,128,0.05,0.2,0.0,sigma_squared,0.04,0.0013718475318934126,0.010974780255147299,0.9969519953735622,7.975615962988496,4,1.0,False,1.0,1.0,25.600000000000005,8605,0.2,1.0,1.0,0.04000000000000001,True
80.0,4096,159.99999999999997,32,0.0,128,0.05,0.2,0.0,sigma_squared,0.04,0.0007394951313524285,0.005915961050819428,0.9971022419861009,7.976817935888807,4,1.0,False,1.0,1.0,25.600000000000005,8601,0.2,1.0,1.0,0.04000000000000001,True
80.0,4096,159.99999999999997,32,0.0,128,0.05,0.2,0.0,sigma_squared,0.04,0.000716584247857815,0.005732673982862521,0.9981772226702532,7.9854177813620275,4,1.0,False,1.0,1.0,25.600000000000005,8602,0.2,1.0,1.0,0.04000000000000001,True
80.0,4096,159.99999999999997,32,8.673617379884035e-19,128,0.05,0.2,0.0,sigma_squared,0.04,0.0007649995465557956,0.0061199963724463645,0.9973183693427953,7.978546954742362,4,1.0,False,1.0,1.0,25.600000000000005,8603,0.2,1.0,1.0,0.04000000000000001,True
80.0,4096,159.99999999999997,32,8.673617379884035e-19,128,0.05,0.2,0.0,sigma_squared,0.04,0.0007369322853076142,0.005895458282460915,0.9968945939162273,7.97515675132982,4,1.0,False,1.0,1.0,25.600000000000005,8604,0.2,1.0,1.0,0.04000000000000001,True
80.0,4096,159.99999999999997,32,0.0,128,0.05,0.2,0.0,sigma_squared,0.04,0.0006874019219135057,0.005499215375308045,0.9969519953735622,7.975615962988496,4,1.0,False,1.0,1.0,25.600000000000005,8605,0.2,1.0,1.0,0.04000000000000001,True
80.0,32,0.31249999999999994,32,0.0,128,0.05,0.2,0.0,sigma_squared,0.16,0.4141522914231055,3.313218331384844,0.9971022419861009,7.976817935888807,4,1.0,False,1.0,1.0,102.40000000000002,8601,0.4,1.0,1.0,0.16000000000000003,False
80.0,32,0.31249999999999994,32,0.0,128,0.05,0.2,0.0,sigma_squared,0.16,0.4196890310398428,3.357512248318743,0.9981772226702532,7.9854177813620275,4,1.0,False,1.0,1.0,102.40000000000002,8602,0.4,1.0,1.0,0.16000000000000003,False
80.0,32,0.31249999999999994,32,0.0,128,0.05,0.2,0.0,sigma_squared,0.16,0.4790284815336402,3.8322278522691215,0.9973183693427953,7.978546954742362,4,1.0,False,1.0,1.0,102.40000000000002,8603,0.4,1.0,1.0,0.16000000000000003,False
80.0,32,0.31249999999999994,32,4.440892098500626e-16,128,0.05,0.2,0.0,sigma_squared,0.16,0.40967698174852546,3.2774158539882046,0.9968945939162273,7.97515675132982,4,1.0,False,1.0,1.0,102.40000000000002,8604,0.4,1.0,1.0,0.16000000000000003,False
80.0,32,0.31249999999999994,32,0.0,128,0.05,0.2,0.0,sigma_squared,0.16,0.37915438299763665,3.0332350639810928,0.9969519953735622,7.975615962988496,4,1.0,False,1.0,1.0,102.40000000000002,8605,0.4,1.0,1.0,0.16000000000000003,False
80.0,64,0.6249999999999999,32,0.0,128,0.05,0.2,0.0,sigma_squared,0.16,0.19428794506063654,1.5543035604850923,0.9971022419861009,7.976817935888807,4,1.0,False,1.0,1.0,102.40000000000002,8601,0.4,1.0,1.0,0.16000000000000003,False
80.0,64,0.6249999999999999,32,0.0,128,0.05,0.2,0.0,sigma_squared,0.16,0.19233370992136906,1.538669679370953,0.9981772226702532,7.9854177813620275,4,1.0,False,1.0,1.0,102.40000000000002,8602,0.4,1.0,1.0,0.16000000000000003,False
80.0,64,0.6249999999999999,32,0.0,128,0.05,0.2,0.0,sigma_squared,0.16,0.22155657230043324,1.772452578403466,0.9973183693427953,7.978546954742362,4,1.0,False,1.0,1.0,102.40000000000002,8603,0.4,1.0,1.0,0.16000000000000003,False
80.0,64,0.6249999999999999,32,0.0,128,0.05,0.2,0.0,sigma_squared,0.16,0.197131195896845,1.5770495671747604,0.9968945939162273,7.97515675132982,4,1.0,False,1.0,1.0,102.40000000000002,8604,0.4,1.0,1.0,0.16000000000000003,False
80.0,64,0.6249999999999999,32,2.220446049250313e-16,128,0.05,0.2,0.0,sigma_squared,0.16,0.17685541302283167,1.4148433041826531,0.9969519953735622,7.975615962988496,4,1.0,False,1.0,1.0,102.40000000000002,8605,0.4,1.0,1.0,0.16000000000000003,False
80.0,128,1.2499999999999998,32,0.0,128,0.05,0.2,0.0,sigma_squared,0.16,0.09507048023079476,0.7605638418463581,0.9971022419861009,7.976817935888807,4,1.0,False,1.0,1.0,102.40000000000002,8601,0.4,1.0,1.0,0.16000000000000003,False
80.0,128,1.2499999999999998,32,1.1102230246251565e-16,128,0.05,0.2,0.0,sigma_squared,0.16,0.09302699660314236,0.744215972825139,0.9981772226702532,7.9854177813620275,4,1.0,False,1.0,1.0,102.40000000000002,8602,0.4,1.0,1.0,0.16000000000000003,False
80.0,128,1.2499999999999998,32,0.0,128,0.05,0.2,0.0,sigma_squared,0.16,0.10542023283257787,0.843361862660623,0.9973183693427953,7.978546954742362,4,1.0,False,1.0,1.0,102.40000000000002,8603,0.4,1.0,1.0,0.16000000000000003,False
80.0,128,1.2499999999999998,32,0.0,128,0.05,0.2,0.0,sigma_squared,0.16,0.0964091997857386,0.771273598285909,0.9968945939162273,7.97515675132982,4,1.0,False,1.0,1.0,102.40000000000002,8604,0.4,1.0,1.0,0.16000000000000003,False
80.0,128,1.2499999999999998,32,0.0,128,0.05,0.2,0.0,sigma_squared,0.16,0.08659932292699506,0.6927945834159603,0.9969519953735622,7.975615962988496,4,1.0,False,1.0,1.0,102.40000000000002,8605,0.4,1.0,1.0,0.16000000000000003,False
80.0,256,2.4999999999999996,32,5.551115123125783e-17,128,0.05,0.2,0.0,sigma_squared,0.16,0.04722021525248804,0.3777617220199043,0.9971022419861009,7.976817935888807,4,1.0,False,1.0,1.0,102.40000000000002,8601,0.4,1.0,1.0,0.16000000000000003,False
80.0,256,2.4999999999999996,32,0.0,128,0.05,0.2,0.0,sigma_squared,0.16,0.04596260521690072,0.36770084173520584,0.9981772226702532,7.9854177813620275,4,1.0,False,1.0,1.0,102.40000000000002,8602,0.4,1.0,1.0,0.16000000000000003,False
80.0,256,2.4999999999999996,32,5.551115123125783e-17,128,0.05,0.2,0.0,sigma_squared,0.16,0.051141990101396875,0.409135920811175,0.9973183693427953,7.978546954742362,4,1.0,False,1.0,1.0,102.40000000000002,8603,0.4,1.0,1.0,0.16000000000000003,False
80.0,256,2.4999999999999996,32,5.551115123125783e-17,128,0.05,0.2,0.0,sigma_squared,0.16,0.04765161687772686,0.38121293502181497,0.9968945939162273,7.97515675132982,4,1.0,False,1.0,1.0,102.40000000000002,8604,0.4,1.0,1.0,0.16000000000000003,False
80.0,256,2.4999999999999996,32,0.0,128,0.05,0.2,0.0,sigma_squared,0.16,0.04313795692396711,0.3451036553917368,0.9969519953735622,7.975615962988496,4,1.0,False,1.0,1.0,102.40000000000002,8605,0.4,1.0,1.0,0.16000000000000003,False
80.0,512,4.999999999999999,32,0.0,128,0.05,0.2,0.0,sigma_squared,0.16,0.023577558521187023,0.18862046816949618,0.9971022419861009,7.976817935888807,4,1.0,False,1.0,1.0,102.40000000000002,8601,0.4,1.0,1.0,0.16000000000000003,True
80.0,512,4.999999999999999,32,0.0,128,0.05,0.2,0.0,sigma_squared,0.16,0.022891941928704817,0.18313553542963856,0.9981772226702532,7.9854177813620275,4,1.0,False,1.0,1.0,102.40000000000002,8602,0.4,1.0,1.0,0.16000000000000003,True
80.0,512,4.999999999999999,32,0.0,128,0.05,0.2,0.0,sigma_squared,0.16,0.025118507634012622,0.20094806107210098,0.9973183693427953,7.978546954742362,4,1.0,False,1.0,1.0,102.40000000000002,8603,0.4,1.0,1.0,0.16000000000000003,False
80.0,512,4.999999999999999,32,0.0,128,0.05,0.2,0.0,sigma_squared,0.16,0.023690984957363853,0.18952787965891088,0.9968945939162273,7.97515675132982,4,1.0,False,1.0,1.0,102.40000000000002,8604,0.4,1.0,1.0,0.16000000000000003,True
80.0,512,4.999999999999999,32,0.0,128,0.05,0.2,0.0,sigma_squared,0.16,0.02162407930563606,0.17299263444508844,0.9969519953735622,7.975615962988496,4,1.0,False,1.0,1.0,102.40000000000002,8605,0.4,1.0,1.0,0.16000000000000003,True
80.0,1024,9.999999999999998,32,0.0,128,0.05,0.2,0.0,sigma_squared,0.16,0.011793504106522947,0.09434803285218357,0.9971022419861009,7.976817935888807,4,1.0,False,1.0,1.0,102.40000000000002,8601,0.4,1.0,1.0,0.16000000000000003,True
80.0,1024,9.999999999999998,32,0.0,128,0.05,0.2,0.0,sigma_squared,0.16,0.011437083340815094,0.09149666672652076,0.9981772226702532,7.9854177813620275,4,1.0,False,1.0,1.0,102.40000000000002,8602,0.4,1.0,1.0,0.16000000000000003,True
80.0,1024,9.999999999999998,32,0.0,128,0.05,0.2,0.0,sigma_squared,0.16,0.012425868725262884,0.09940694980210307,0.9973183693427953,7.978546954742362,4,1.0,False,1.0,1.0,102.40000000000002,8603,0.4,1.0,1.0,0.16000000000000003,True
80.0,1024,9.999999999999998,32,0.0,128,0.05,0.2,0.0,sigma_squared,0.16,0.011813675558888485,0.09450940447110791,0.9968945939162273,7.97515675132982,4,1.0,False,1.0,1.0,102.40000000000002,8604,0.4,1.0,1.0,0.16000000000000003,True
80.0,1024,9.999999999999998,32,0.0,128,0.05,0.2,0.0,sigma_squared,0.16,0.010858446936959126,0.08686757549567299,0.9969519953735622,7.975615962988496,4,1.0,False,1.0,1.0,102.40000000000002,8605,0.4,1.0,1.0,0.16000000000000003,True
80.0,2048,19.999999999999996,32,6.938893903907228e-18,128,0.05,0.2,0.0,sigma_squared,0.16,0.0059020533348733036,0.04721642667898643,0.9971022419861009,7.976817935888807,4,1.0,False,1.0,1.0,102.40000000000002,8601,0.4,1.0,1.0,0.16000000000000003,True
80.0,2048,19.999999999999996,32,6.938893903907228e-18,128,0.05,0.2,0.0,sigma_squared,0.16,0.0057207133857177265,0.04576570708574182,0.9981772226702532,7.9854177813620275,4,1.0,False,1.0,1.0,102.40000000000002,8602,0.4,1.0,1.0,0.16000000000000003,True
80.0,2048,19.999999999999996,32,0.0,128,0.05,0.2,0.0,sigma_squared,0.16,0.006172394880539894,0.04937915904431915,0.9973183693427953,7.978546954742362,4,1.0,False,1.0,1.0,102.40000000000002,8603,0.4,1.0,1.0,0.16000000000000003,True
80.0,2048,19.999999999999996,32,0.0,128,0.05,0.2,0.0,sigma_squared,0.16,0.005899664166738492,0.04719731333390795,0.9968945939162273,7.97515675132982,4,1.0,False,1.0,1.0,102.40000000000002,8604,0.4,1.0,1.0,0.16000000000000003,True
80.0,2048,19.999999999999996,32,0.0,128,0.05,0.2,0.0,sigma_squared,0.16,0.005452257326273767,0.04361805861019013,0.9969519953735622,7.975615962988496,4,1.0,False,1.0,1.0,102.40000000000002,8605,0.4,1.0,1.0,0.16000000000000003,True
80.0,4096,39.99999999999999,32,0.0,128,0.05,0.2,0.0,sigma_squared,0.16,0.0029537595572013534,0.023630076457610828,0.9971022419861009,7.976817935888807,4,1.0,False,1.0,1.0,102.40000000000002,8601,0.4,1.0,1.0,0.16000000000000003,True
80.0,4096,39.99999999999999,32,0.0,128,0.05,0.2,0.0,sigma_squared,0.16,0.00286242121261334,0.022899369700906724,0.9981772226702532,7.9854177813620275,4,1.0,False,1.0,1.0,102.40000000000002,8602,0.4,1.0,1.0,0.16000000000000003,True
80.0,4096,39.99999999999999,32,0.0,128,0.05,0.2,0.0,sigma_squared,0.16,0.0030735072537072207,0.024588058029657765,0.9973183693427953,7.978546954742362,4,1.0,False,1.0,1.0,102.40000000000002,8603,0.4,1.0,1.0,0.16000000000000003,True
80.0,4096,39.99999999999999,32,0.0,128,0.05,0.2,0.0,sigma_squared,0.16,0.0029483416794926784,0.023586733435941434,0.9968945939162273,7.97515675132982,4,1.0,False,1.0,1.0,102.40000000000002,8604,0.4,1.0,1.0,0.16000000000000003,True
80.0,4096,39.99999999999999,32,0.0,128,0.05,0.2,0.0,sigma_squared,0.16,0.002735929635939015,0.021887437087512118,0.9969519953735622,7.975615962988496,4,1.0,False,1.0,1.0,102.40000000000002,8605,0.4,1.0,1.0,0.16000000000000003,True
80.0,32,0.07812499999999999,32,3.552713678800501e-15,128,0.05,0.2,0.0,sigma_squared,0.64,2.0962330131300417,16.769864105040334,0.9971022419861009,7.976817935888807,4,1.0,False,1.0,1.0,409.6000000000001,8601,0.8,1.0,1.0,0.6400000000000001,False
80.0,32,0.07812499999999999,32,1.7763568394002505e-15,128,0.05,0.2,0.0,sigma_squared,0.64,1.8062321505700232,14.449857204560189,0.9981772226702532,7.9854177813620275,4,1.0,False,1.0,1.0,409.6000000000001,8602,0.8,1.0,1.0,0.6400000000000001,False
80.0,32,0.07812499999999999,32,0.0,128,0.05,0.2,0.0,sigma_squared,0.64,2.002237093219907,16.017896745759256,0.9973183693427953,7.978546954742362,4,1.0,False,1.0,1.0,409.6000000000001,8603,0.8,1.0,1.0,0.6400000000000001,False
80.0,32,0.07812499999999999,32,0.0,128,0.05,0.2,0.0,sigma_squared,0.64,1.8384330393379391,14.707464314703516,0.9968945939162273,7.97515675132982,4,1.0,False,1.0,1.0,409.6000000000001,8604,0.8,1.0,1.0,0.6400000000000001,False
80.0,32,0.07812499999999999,32,3.552713678800501e-15,128,0.05,0.2,0.0,sigma_squared,0.64,2.029652195686174,16.237217565489388,0.9969519953735622,7.975615962988496,4,1.0,False,1.0,1.0,409.6000000000001,8605,0.8,1.0,1.0,0.6400000000000001,False
80.0,64,0.15624999999999997,32,1.7763568394002505e-15,128,0.05,0.2,0.0,sigma_squared,0.64,1.2847611211111984,10.278088968889588,0.9971022419861009,7.976817935888807,4,1.0,False,1.0,1.0,409.6000000000001,8601,0.8,1.0,1.0,0.6400000000000001,False
80.0,64,0.15624999999999997,32,0.0,128,0.05,0.2,0.0,sigma_squared,0.64,0.9266260366295657,7.413008293036527,0.9981772226702532,7.9854177813620275,4,1.0,False,1.0,1.0,409.6000000000001,8602,0.8,1.0,1.0,0.6400000000000001,False
80.0,64,0.15624999999999997,32,0.0,128,0.05,0.2,0.0,sigma_squared,0.64,1.0830254617451778,8.664203693961422,0.9973183693427953,7.978546954742362,4,1.0,False,1.0,1.0,409.6000000000001,8603,0.8,1.0,1.0,0.6400000000000001,False
80.0,64,0.15624999999999997,32,0.0,128,0.05,0.2,0.0,sigma_squared,0.64,0.9290773983589746,7.432619186871799,0.9968945939162273,7.97515675132982,4,1.0,False,1.0,1.0,409.6000000000001,8604,0.8,1.0,1.0,0.6400000000000001,False
80.0,64,0.15624999999999997,32,0.0,128,0.05,0.2,0.0,sigma_squared,0.64,1.0955116391390702,8.76409311311256,0.9969519953735622,7.975615962988496,4,1.0,False,1.0,1.0,409.6000000000001,8605,0.8,1.0,1.0,0.6400000000000001,False
80.0,128,0.31249999999999994,32,0.0,128,0.05,0.2,0.0,sigma_squared,0.64,0.4141522914231055,3.313218331384844,0.9971022419861009,7.976817935888807,4,1.0,False,1.0,1.0,409.6000000000001,8601,0.8,1.0,1.0,0.6400000000000001,False
80.0,128,0.31249999999999994,32,0.0,128,0.05,0.2,0.0,sigma_squared,0.64,0.4196890310398428,3.357512248318743,0.9981772226702532,7.9854177813620275,4,1.0,False,1.0,1.0,409.6000000000001,8602,0.8,1.0,1.0,0.6400000000000001,False
80.0,128,0.31249999999999994,32,0.0,128,0.05,0.2,0.0,sigma_squared,0.64,0.4790284815336402,3.8322278522691215,0.9973183693427953,7.978546954742362,4,1.0,False,1.0,1.0,409.6000000000001,8603,0.8,1.0,1.0,0.6400000000000001,False
80.0,128,0.31249999999999994,32,4.440892098500626e-16,128,0.05,0.2,0.0,sigma_squared,0.64,0.40967698174852546,3.2774158539882046,0.9968945939162273,7.97515675132982,4,1.0,False,1.0,1.0,409.6000000000001,8604,0.8,1.0,1.0,0.6400000000000001,False
80.0,128,0.31249999999999994,32,0.0,128,0.05,0.2,0.0,sigma_squared,0.64,0.37915438299763665,3.0332350639810928,0.9969519953735622,7.975615962988496,4,1.0,False,1.0,1.0,409.6000000000001,8605,0.8,1.0,1.0,0.6400000000000001,False
80.0,256,0.6249999999999999,32,0.0,128,0.05,0.2,0.0,sigma_squared,0.64,0.19428794506063654,1.5543035604850923,0.9971022419861009,7.976817935888807,4,1.0,False,1.0,1.0,409.6000000000001,8601,0.8,1.0,1.0,0.6400000000000001,False
80.0,256,0.6249999999999999,32,0.0,128,0.05,0.2,0.0,sigma_squared,0.64,0.19233370992136906,1.538669679370953,0.9981772226702532,7.9854177813620275,4,1.0,False,1.0,1.0,409.6000000000001,8602,0.8,1.0,1.0,0.6400000000000001,False
80.0,256,0.6249999999999999,32,0.0,128,0.05,0.2,0.0,sigma_squared,0.64,0.22155657230043324,1.772452578403466,0.9973183693427953,7.978546954742362,4,1.0,False,1.0,1.0,409.6000000000001,8603,0.8,1.0,1.0,0.6400000000000001,False
80.0,256,0.6249999999999999,32,0.0,128,0.05,0.2,0.0,sigma_squared,0.64,0.197131195896845,1.5770495671747604,0.9968945939162273,7.97515675132982,4,1.0,False,1.0,1.0,409.6000000000001,8604,0.8,1.0,1.0,0.6400000000000001,False
80.0,256,0.6249999999999999,32,2.220446049250313e-16,128,0.05,0.2,0.0,sigma_squared,0.64,0.17685541302283167,1.4148433041826531,0.9969519953735622,7.975615962988496,4,1.0,False,1.0,1.0,409.6000000000001,8605,0.8,1.0,1.0,0.6400000000000001,False
80.0,512,1.2499999999999998,32,0.0,128,0.05,0.2,0.0,sigma_squared,0.64,0.09507048023079476,0.7605638418463581,0.9971022419861009,7.976817935888807,4,1.0,False,1.0,1.0,409.6000000000001,8601,0.8,1.0,1.0,0.6400000000000001,False
80.0,512,1.2499999999999998,32,1.1102230246251565e-16,128,0.05,0.2,0.0,sigma_squared,0.64,0.09302699660314236,0.744215972825139,0.9981772226702532,7.9854177813620275,4,1.0,False,1.0,1.0,409.6000000000001,8602,0.8,1.0,1.0,0.6400000000000001,False
80.0,512,1.2499999999999998,32,0.0,128,0.05,0.2,0.0,sigma_squared,0.64,0.10542023283257787,0.843361862660623,0.9973183693427953,7.978546954742362,4,1.0,False,1.0,1.0,409.6000000000001,8603,0.8,1.0,1.0,0.6400000000000001,False
80.0,512,1.2499999999999998,32,0.0,128,0.05,0.2,0.0,sigma_squared,0.64,0.0964091997857386,0.771273598285909,0.9968945939162273,7.97515675132982,4,1.0,False,1.0,1.0,409.6000000000001,8604,0.8,1.0,1.0,0.6400000000000001,False
80.0,512,1.2499999999999998,32,0.0,128,0.05,0.2,0.0,sigma_squared,0.64,0.08659932292699506,0.6927945834159603,0.9969519953735622,7.975615962988496,4,1.0,False,1.0,1.0,409.6000000000001,8605,0.8,1.0,1.0,0.6400000000000001,False
80.0,1024,2.4999999999999996,32,5.551115123125783e-17,128,0.05,0.2,0.0,sigma_squared,0.64,0.04722021525248804,0.3777617220199043,0.9971022419861009,7.976817935888807,4,1.0,False,1.0,1.0,409.6000000000001,8601,0.8,1.0,1.0,0.6400000000000001,False
80.0,1024,2.4999999999999996,32,0.0,128,0.05,0.2,0.0,sigma_squared,0.64,0.04596260521690072,0.36770084173520584,0.9981772226702532,7.9854177813620275,4,1.0,False,1.0,1.0,409.6000000000001,8602,0.8,1.0,1.0,0.6400000000000001,False
80.0,1024,2.4999999999999996,32,5.551115123125783e-17,128,0.05,0.2,0.0,sigma_squared,0.64,0.051141990101396875,0.409135920811175,0.9973183693427953,7.978546954742362,4,1.0,False,1.0,1.0,409.6000000000001,8603,0.8,1.0,1.0,0.6400000000000001,False
80.0,1024,2.4999999999999996,32,5.551115123125783e-17,128,0.05,0.2,0.0,sigma_squared,0.64,0.04765161687772686,0.38121293502181497,0.9968945939162273,7.97515675132982,4,1.0,False,1.0,1.0,409.6000000000001,8604,0.8,1.0,1.0,0.6400000000000001,False
80.0,1024,2.4999999999999996,32,0.0,128,0.05,0.2,0.0,sigma_squared,0.64,0.04313795692396711,0.3451036553917368,0.9969519953735622,7.975615962988496,4,1.0,False,1.0,1.0,409.6000000000001,8605,0.8,1.0,1.0,0.6400000000000001,False
80.0,2048,4.999999999999999,32,0.0,128,0.05,0.2,0.0,sigma_squared,0.64,0.023577558521187023,0.18862046816949618,0.9971022419861009,7.976817935888807,4,1.0,False,1.0,1.0,409.6000000000001,8601,0.8,1.0,1.0,0.6400000000000001,True
80.0,2048,4.999999999999999,32,0.0,128,0.05,0.2,0.0,sigma_squared,0.64,0.022891941928704817,0.18313553542963856,0.9981772226702532,7.9854177813620275,4,1.0,False,1.0,1.0,409.6000000000001,8602,0.8,1.0,1.0,0.6400000000000001,True
80.0,2048,4.999999999999999,32,0.0,128,0.05,0.2,0.0,sigma_squared,0.64,0.025118507634012622,0.20094806107210098,0.9973183693427953,7.978546954742362,4,1.0,False,1.0,1.0,409.6000000000001,8603,0.8,1.0,1.0,0.6400000000000001,False
80.0,2048,4.999999999999999,32,0.0,128,0.05,0.2,0.0,sigma_squared,0.64,0.023690984957363853,0.18952787965891088,0.9968945939162273,7.97515675132982,4,1.0,False,1.0,1.0,409.6000000000001,8604,0.8,1.0,1.0,0.6400000000000001,True
80.0,2048,4.999999999999999,32,0.0,128,0.05,0.2,0.0,sigma_squared,0.64,0.02162407930563606,0.17299263444508844,0.9969519953735622,7.975615962988496,4,1.0,False,1.0,1.0,409.6000000000001,8605,0.8,1.0,1.0,0.6400000000000001,True
80.0,4096,9.999999999999998,32,0.0,128,0.05,0.2,0.0,sigma_squared,0.64,0.011793504106522947,0.09434803285218357,0.9971022419861009,7.976817935888807,4,1.0,False,1.0,1.0,409.6000000000001,8601,0.8,1.0,1.0,0.6400000000000001,True
80.0,4096,9.999999999999998,32,0.0,128,0.05,0.2,0.0,sigma_squared,0.64,0.011437083340815094,0.09149666672652076,0.9981772226702532,7.9854177813620275,4,1.0,False,1.0,1.0,409.6000000000001,8602,0.8,1.0,1.0,0.6400000000000001,True
80.0,4096,9.999999999999998,32,0.0,128,0.05,0.2,0.0,sigma_squared,0.64,0.012425868725262884,0.09940694980210307,0.9973183693427953,7.978546954742362,4,1.0,False,1.0,1.0,409.6000000000001,8603,0.8,1.0,1.0,0.6400000000000001,True
80.0,4096,9.999999999999998,32,0.0,128,0.05,0.2,0.0,sigma_squared,0.64,0.011813675558888485,0.09450940447110791,0.9968945939162273,7.97515675132982,4,1.0,False,1.0,1.0,409.6000000000001,8604,0.8,1.0,1.0,0.6400000000000001,True
80.0,4096,9.999999999999998,32,0.0,128,0.05,0.2,0.0,sigma_squared,0.64,0.010858446936959126,0.08686757549567299,0.9969519953735622,7.975615962988496,4,1.0,False,1.0,1.0,409.6000000000001,8605,0.8,1.0,1.0,0.6400000000000001,True
80.0,32,0.5208333333333333,32,4.440892098500626e-16,64,0.05,0.2,0.0,d_plus_T,96.0,0.31516537650928794,2.5213230120743035,0.9961403701762006,7.969122961409605,4,1.0,False,1.0,1.0,61.44000000000001,8601,0.4,1.0,1.0,0.16000000000000003,False
80.0,32,0.5208333333333333,32,0.0,64,0.05,0.2,0.0,d_plus_T,96.0,0.25384350390016264,2.030748031201301,0.9970181721180251,7.976145376944201,4,1.0,False,1.0,1.0,61.44000000000001,8602,0.4,1.0,1.0,0.16000000000000003,False
80.0,32,0.5208333333333333,32,0.0,64,0.05,0.2,0.0,d_plus_T,96.0,0.2898174067250859,2.3185392538006866,0.9946300955968747,7.957040764774996,4,1.0,False,1.0,1.0,61.44000000000001,8603,0.4,1.0,1.0,0.16000000000000003,False
80.0,32,0.5208333333333333,32,0.0,64,0.05,0.2,0.0,d_plus_T,96.0,0.26037825626426103,2.0830260501140883,0.9945748984285605,7.956599187428484,4,1.0,False,1.0,1.0,61.44000000000001,8604,0.4,1.0,1.0,0.16000000000000003,False
80.0,32,0.5208333333333333,32,0.0,64,0.05,0.2,0.0,d_plus_T,96.0,0.27964565063153574,2.237165205052286,0.9960742592838078,7.968594074270462,4,1.0,False,1.0,1.0,61.44000000000001,8605,0.4,1.0,1.0,0.16000000000000003,False
80.0,64,1.0416666666666665,32,0.0,64,0.05,0.2,0.0,d_plus_T,96.0,0.13242424652073045,1.0593939721658436,0.9961403701762006,7.969122961409605,4,1.0,False,1.0,1.0,61.44000000000001,8601,0.4,1.0,1.0,0.16000000000000003,False
80.0,64,1.0416666666666665,32,0.0,64,0.05,0.2,0.0,d_plus_T,96.0,0.12321898121671507,0.9857518497337205,0.9970181721180251,7.976145376944201,4,1.0,False,1.0,1.0,61.44000000000001,8602,0.4,1.0,1.0,0.16000000000000003,False
80.0,64,1.0416666666666665,32,0.0,64,0.05,0.2,0.0,d_plus_T,96.0,0.13132441064584696,1.0505952851667755,0.9946300955968747,7.957040764774996,4,1.0,False,1.0,1.0,61.44000000000001,8603,0.4,1.0,1.0,0.16000000000000003,False
80.0,64,1.0416666666666665,32,0.0,64,0.05,0.2,0.0,d_plus_T,96.0,0.11711142931811509,0.9368914345449207,0.9945748984285605,7.956599187428484,4,1.0,False,1.0,1.0,61.44000000000001,8604,0.4,1.0,1.0,0.16000000000000003,False
80.0,64,1.0416666666666665,32,0.0,64,0.05,0.2,0.0,d_plus_T,96.0,0.12597738794469338,1.007819103557547,0.9960742592838078,7.968594074270462,4,1.0,False,1.0,1.0,61.44000000000001,8605,0.4,1.0,1.0,0.16000000000000003,False
80.0,128,2.083333333333333,32,5.551115123125783e-17,64,0.05,0.2,0.0,d_plus_T,96.0,0.061213112631649365,0.4897049010531949,0.9961403701762006,7.969122961409605,4,1.0,False,1.0,1.0,61.44000000000001,8601,0.4,1.0,1.0,0.16000000000000003,False
80.0,128,2.083333333333333,32,0.0,64,0.05,0.2,0.0,d_plus_T,96.0,0.06089128849537624,0.48713030796300993,0.9970181721180251,7.976145376944201,4,1.0,False,1.0,1.0,61.44000000000001,8602,0.4,1.0,1.0,0.16000000000000003,False
80.0,128,2.083333333333333,32,0.0,64,0.05,0.2,0.0,d_plus_T,96.0,0.061924049545587355,0.4953923963646988,0.9946300955968747,7.957040764774996,4,1.0,False,1.0,1.0,61.44000000000001,8603,0.4,1.0,1.0,0.16000000000000003,False
80.0,128,2.083333333333333,32,0.0,64,0.05,0.2,0.0,d_plus_T,96.0,0.055818672340173195,0.44654937872138556,0.9945748984285605,7.956599187428484,4,1.0,False,1.0,1.0,61.44000000000001,8604,0.4,1.0,1.0,0.16000000000000003,False
80.0,128,2.083333333333333,32,5.551115123125783e-17,64,0.05,0.2,0.0,d_plus_T,96.0,0.058996962420254886,0.4719756993620391,0.9960742592838078,7.968594074270462,4,1.0,False,1.0,1.0,61.44000000000001,8605,0.4,1.0,1.0,0.16000000000000003,False
80.0,256,4.166666666666666,32,0.0,64,0.05,0.2,0.0,d_plus_T,96.0,0.029407373701164308,0.23525898960931446,0.9961403701762006,7.969122961409605,4,1.0,False,1.0,1.0,61.44000000000001,8601,0.4,1.0,1.0,0.16000000000000003,False
80.0,256,4.166666666666666,32,0.0,64,0.05,0.2,0.0,d_plus_T,96.0,0.030235063638933232,0.24188050911146586,0.9970181721180251,7.976145376944201,4,1.0,False,1.0,1.0,61.44000000000001,8602,0.4,1.0,1.0,0.16000000000000003,False
80.0,256,4.166666666666666,32,0.0,64,0.05,0.2,0.0,d_plus_T,96.0,0.029867360321469607,0.23893888257175683,0.9946300955968747,7.957040764774996,4,1.0,False,1.0,1.0,61.44000000000001,8603,0.4,1.0,1.0,0.16000000000000003,False
80.0,256,4.166666666666666,32,0.0,64,0.05,0.2,0.0,d_plus_T,96.0,0.02728265969876467,0.21826127759011735,0.9945748984285605,7.956599187428484,4,1.0,False,1.0,1.0,61.44000000000001,8604,0.4,1.0,1.0,0.16000000000000003,False
80.0,256,4.166666666666666,32,2.7755575615628914e-17,64,0.05,0.2,0.0,d_plus_T,96.0,0.028422527421731406,0.22738021937385125,0.9960742592838078,7.968594074270462,4,1.0,False,1.0,1.0,61.44000000000001,8605,0.4,1.0,1.0,0.16000000000000003,False
80.0,512,8.333333333333332,32,0.0,64,0.05,0.2,0.0,d_plus_T,96.0,0.014389241341345584,0.11511393073076467,0.9961403701762006,7.969122961409605,4,1.0,False,1.0,1.0,61.44000000000001,8601,0.4,1.0,1.0,0.16000000000000003,True
80.0,512,8.333333333333332,32,0.0,64,0.05,0.2,0.0,d_plus_T,96.0,0.015048099937884085,0.12038479950307268,0.9970181721180251,7.976145376944201,4,1.0,False,1.0,1.0,61.44000000000001,8602,0.4,1.0,1.0,0.16000000000000003,True
80.0,512,8.333333333333332,32,0.0,64,0.05,0.2,0.0,d_plus_T,96.0,0.014600153732096022,0.11680122985676816,0.9946300955968747,7.957040764774996,4,1.0,False,1.0,1.0,61.44000000000001,8603,0.4,1.0,1.0,0.16000000000000003,True
80.0,512,8.333333333333332,32,0.0,64,0.05,0.2,0.0,d_plus_T,96.0,0.013493598773686282,0.10794879018949026,0.9945748984285605,7.956599187428484,4,1.0,False,1.0,1.0,61.44000000000001,8604,0.4,1.0,1.0,0.16000000000000003,True
80.0,512,8.333333333333332,32,0.0,64,0.05,0.2,0.0,d_plus_T,96.0,0.013922178278053664,0.11137742622442931,0.9960742592838078,7.968594074270462,4,1.0,False,1.0,1.0,61.44000000000001,8605,0.4,1.0,1.0,0.16000000000000003,True
80.0,1024,16.666666666666664,32,0.0,64,0.05,0.2,0.0,d_plus_T,96.0,0.007107651424431236,0.05686121139544989,0.9961403701762006,7.969122961409605,4,1.0,False,1.0,1.0,61.44000000000001,8601,0.4,1.0,1.0,0.16000000000000003,True
80.0,1024,16.666666666666664,32,1.3877787807814457e-17,64,0.05,0.2,0.0,d_plus_T,96.0,0.0075006824201599345,0.060005459361279476,0.9970181721180251,7.976145376944201,4,1.0,False,1.0,1.0,61.44000000000001,8602,0.4,1.0,1.0,0.16000000000000003,True
80.0,1024,16.666666666666664,32,0.0,64,0.05,0.2,0.0,d_plus_T,96.0,0.007196201288932833,0.057569610311462655,0.9946300955968747,7.957040764774996,4,1.0,False,1.0,1.0,61.44000000000001,8603,0.4,1.0,1.0,0.16000000000000003,True
80.0,1024,16.666666666666664,32,0.0,64,0.05,0.2,0.0,d_plus_T,96.0,0.006711925284609052,0.05369540227687242,0.9945748984285605,7.956599187428484,4,1.0,False,1.0,1.0,61.44000000000001,8604,0.4,1.0,1.0,0.16000000000000003,True
80.0,1024,16.666666666666664,32,0.0,64,0.05,0.2,0.0,d_plus_T,96.0,0.006881417435496758,0.05505133948397407,0.9960742592838078,7.968594074270462,4,1.0,False,1.0,1.0,61.44000000000001,8605,0.4,1.0,1.0,0.16000000000000003,True
80.0,2048,33.33333333333333,32,0.0,64,0.05,0.2,0.0,d_plus_T,96.0,0.003528754228252059,0.028230033826016472,0.9961403701762006,7.969122961409605,4,1.0,False,1.0,1.0,61.44000000000001,8601,0.4,1.0,1.0,0.16000000000000003,True
80.0,2048,33.33333333333333,32,3.469446951953614e-18,64,0.05,0.2,0.0,d_plus_T,96.0,0.0037424500080473636,0.02993960006437891,0.9970181721180251,7.976145376944201,4,1.0,False,1.0,1.0,61.44000000000001,8602,0.4,1.0,1.0,0.16000000000000003,True
80.0,2048,33.33333333333333,32,0.0,64,0.05,0.2,0.0,d_plus_T,96.0,0.0035651468508866918,0.02852117480709353,0.9946300955968747,7.957040764774996,4,1.0,False,1.0,1.0,61.44000000000001,8603,0.4,1.0,1.0,0.16000000000000003,True
80.0,2048,33.33333333333333,32,0.0,64,0.05,0.2,0.0,d_plus_T,96.0,0.003347848674639826,0.026782789397118607,0.9945748984285605,7.956599187428484,4,1.0,False,1.0,1.0,61.44000000000001,8604,0.4,1.0,1.0,0.16000000000000003,True
80.0,2048,33.33333333333333,32,0.0,64,0.05,0.2,0.0,d_plus_T,96.0,0.00341799042565102,0.02734392340520816,0.9960742592838078,7.968594074270462,4,1.0,False,1.0,1.0,61.44000000000001,8605,0.4,1.0,1.0,0.16000000000000003,True
80.0,4096,66.66666666666666,32,0.0,64,0.05,0.2,0.0,d_plus_T,96.0,0.0017568822768320503,0.014055058214656403,0.9961403701762006,7.969122961409605,4,1.0,False,1.0,1.0,61.44000000000001,8601,0.4,1.0,1.0,0.16000000000000003,True
80.0,4096,66.66666666666666,32,0.0,64,0.05,0.2,0.0,d_plus_T,96.0,0.001868549016047544,0.014948392128380353,0.9970181721180251,7.976145376944201,4,1.0,False,1.0,1.0,61.44000000000001,8602,0.4,1.0,1.0,0.16000000000000003,True
80.0,4096,66.66666666666666,32,0.0,64,0.05,0.2,0.0,d_plus_T,96.0,0.0017719274947939937,0.014175419958351948,0.9946300955968747,7.957040764774996,4,1.0,False,1.0,1.0,61.44000000000001,8603,0.4,1.0,1.0,0.16000000000000003,True
80.0,4096,66.66666666666666,32,0.0,64,0.05,0.2,0.0,d_plus_T,96.0,0.0016720938628117786,0.013376750902494228,0.9945748984285605,7.956599187428484,4,1.0,False,1.0,1.0,61.44000000000001,8604,0.4,1.0,1.0,0.16000000000000003,True
80.0,4096,66.66666666666666,32,1.734723475976807e-18,64,0.05,0.2,0.0,d_plus_T,96.0,0.001702284028338611,0.013618272226708888,0.9960742592838078,7.968594074270462,4,1.0,False,1.0,1.0,61.44000000000001,8605,0.4,1.0,1.0,0.16000000000000003,True
80.0,32,0.31249999999999994,32,0.0,128,0.05,0.2,0.0,d_plus_T,160.0,0.4141522914231055,3.313218331384844,0.9971022419861009,7.976817935888807,4,1.0,False,1.0,1.0,102.40000000000002,8601,0.4,1.0,1.0,0.16000000000000003,False
80.0,32,0.31249999999999994,32,0.0,128,0.05,0.2,0.0,d_plus_T,160.0,0.4196890310398428,3.357512248318743,0.9981772226702532,7.9854177813620275,4,1.0,False,1.0,1.0,102.40000000000002,8602,0.4,1.0,1.0,0.16000000000000003,False
80.0,32,0.31249999999999994,32,0.0,128,0.05,0.2,0.0,d_plus_T,160.0,0.4790284815336402,3.8322278522691215,0.9973183693427953,7.978546954742362,4,1.0,False,1.0,1.0,102.40000000000002,8603,0.4,1.0,1.0,0.16000000000000003,False
80.0,32,0.31249999999999994,32,4.440892098500626e-16,128,0.05,0.2,0.0,d_plus_T,160.0,0.40967698174852546,3.2774158539882046,0.9968945939162273,7.97515675132982,4,1.0,False,1.0,1.0,102.40000000000002,8604,0.4,1.0,1.0,0.16000000000000003,False
80.0,32,0.31249999999999994,32,0.0,128,0.05,0.2,0.0,d_plus_T,160.0,0.37915438299763665,3.0332350639810928,0.9969519953735622,7.975615962988496,4,1.0,False,1.0,1.0,102.40000000000002,8605,0.4,1.0,1.0,0.16000000000000003,False
80.0,64,0.6249999999999999,32,0.0,128,0.05,0.2,0.0,d_plus_T,160.0,0.19428794506063654,1.5543035604850923,0.9971022419861009,7.976817935888807,4,1.0,False,1.0,1.0,102.40000000000002,8601,0.4,1.0,1.0,0.16000000000000003,False
80.0,64,0.6249999999999999,32,0.0,128,0.05,0.2,0.0,d_plus_T,160.0,0.19233370992136906,1.538669679370953,0.9981772226702532,7.9854177813620275,4,1.0,False,1.0,1.0,102.40000000000002,8602,0.4,1.0,1.0,0.16000000000000003,False
80.0,64,0.6249999999999999,32,0.0,128,0.05,0.2,0.0,d_plus_T,160.0,0.22155657230043324,1.772452578403466,0.9973183693427953,7.978546954742362,4,1.0,False,1.0,1.0,102.40000000000002,8603,0.4,1.0,1.0,0.16000000000000003,False
80.0,64,0.6249999999999999,32,0.0,128,0.05,0.2,0.0,d_plus_T,160.0,0.197131195896845,1.5770495671747604,0.9968945939162273,7.97515675132982,4,1.0,False,1.0,1.0,102.40000000000002,8604,0.4,1.0,1.0,0.16000000000000003,False
80.0,64,0.6249999999999999,32,2.220446049250313e-16,128,0.05,0.2,0.0,d_plus_T,160.0,0.17685541302283167,1.4148433041826531,0.9969519953735622,7.975615962988496,4,1.0,False,1.0,1.0,102.40000000000002,8605,0.4,1.0,1.0,0.16000000000000003,False
80.0,128,1.2499999999999998,32,0.0,128,0.05,0.2,0.0,d_plus_T,160.0,0.09507048023079476,0.7605638418463581,0.9971022419861009,7.976817935888807,4,1.0,False,1.0,1.0,102.40000000000002,8601,0.4,1.0,1.0,0.16000000000000003,False
80.0,128,1.2499999999999998,32,1.1102230246251565e-16,128,0.05,0.2,0.0,d_plus_T,160.0,0.09302699660314236,0.744215972825139,0.9981772226702532,7.9854177813620275,4,1.0,False,1.0,1.0,102.40000000000002,8602,0.4,1.0,1.0,0.16000000000000003,False
80.0,128,1.2499999999999998,32,0.0,128,0.05,0.2,0.0,d_plus_T,160.0,0.10542023283257787,0.843361862660623,0.9973183693427953,7.978546954742362,4,1.0,False,1.0,1.0,102.40000000000002,8603,0.4,1.0,1.0,0.16000000000000003,False
80.0,128,1.2499999999999998,32,0.0,128,0.05,0.2,0.0,d_plus_T,160.0,0.0964091997857386,0.771273598285909,0.9968945939162273,7.97515675132982,4,1.0,False,1.0,1.0,102.40000000000002,8604,0.4,1.0,1.0,0.16000000000000003,False
80.0,128,1.2499999999999998,32,0.0,128,0.05,0.2,0.0,d_plus_T,160.0,0.08659932292699506,0.6927945834159603,0.9969519953735622,7.975615962988496,4,1.0,False,1.0,1.0,102.40000000000002,8605,0.4,1.0,1.0,0.16000000000000003,False
80.0,256,2.4999999999999996,32,5.551115123125783e-17,128,0.05,0.2,0.0,d_plus_T,160.0,0.04722021525248804,0.3777617220199043,0.9971022419861009,7.976817935888807,4,1.0,False,1.0,1.0,102.40000000000002,8601,0.4,1.0,1.0,0.16000000000000003,False
80.0,256,2.4999999999999996,32,0.0,128,0.05,0.2,0.0,d_plus_T,160.0,0.04596260521690072,0.36770084173520584,0.9981772226702532,7.9854177813620275,4,1.0,False,1.0,1.0,102.40000000000002,8602,0.4,1.0,1.0,0.16000000000000003,False
80.0,256,2.4999999999999996,32,5.551115123125783e-17,128,0.05,0.2,0.0,d_plus_T,160.0,0.051141990101396875,0.409135920811175,0.9973183693427953,7.978546954742362,4,1.0,False,1.0,1.0,102.40000000000002,8603,0.4,1.0,1.0,0.16000000000000003,False
80.0,256,2.4999999999999996,32,5.551115123125783e-17,128,0.05,0.2,0.0,d_plus_T,160.0,0.04765161687772686,0.38121293502181497,0.9968945939162273,7.97515675132982,4,1.0,False,1.0,1.0,102.40000000000002,8604,0.4,1.0,1.0,0.16000000000000003,False
80.0,256,2.4999999999999996,32,0.0,128,0.05,0.2,0.0,d_plus_T,160.0,0.04313795692396711,0.3451036553917368,0.9969519953735622,7.975615962988496,4,1.0,False,1.0,1.0,102.40000000000002,8605,0.4,1.0,1.0,0.16000000000000003,False
80.0,512,4.999999999999999,32,0.0,128,0.05,0.2,0.0,d_plus_T,160.0,0.023577558521187023,0.18862046816949618,0.9971022419861009,7.976817935888807,4,1.0,False,1.0,1.0,102.40000000000002,8601,0.4,1.0,1.0,0.16000000000000003,True
80.0,512,4.999999999999999,32,0.0,128,0.05,0.2,0.0,d_plus_T,160.0,0.022891941928704817,0.18313553542963856,0.9981772226702532,7.9854177813620275,4,1.0,False,1.0,1.0,102.40000000000002,8602,0.4,1.0,1.0,0.16000000000000003,True
80.0,512,4.999999999999999,32,0.0,128,0.05,0.2,0.0,d_plus_T,160.0,0.025118507634012622,0.20094806107210098,0.9973183693427953,7.978546954742362,4,1.0,False,1.0,1.0,102.40000000000002,8603,0.4,1.0,1.0,0.16000000000000003,False
80.0,512,4.999999999999999,32,0.0,128,0.05,0.2,0.0,d_plus_T,160.0,0.023690984957363853,0.18952787965891088,0.9968945939162273,7.97515675132982,4,1.0,False,1.0,1.0,102.40000000000002,8604,0.4,1.0,1.0,0.16000000000000003,True
80.0,512,4.999999999999999,32,0.0,128,0.05,0.2,0.0,d_plus_T,160.0,0.02162407930563606,0.17299263444508844,0.9969519953735622,7.975615962988496,4,1.0,False,1.0,1.0,102.40000000000002,8605,0.4,1.0,1.0,0.16000000000000003,True
80.0,1024,9.999999999999998,32,0.0,128,0.05,0.2,0.0,d_plus_T,160.0,0.011793504106522947,0.09434803285218357,0.9971022419861009,7.976817935888807,4,1.0,False,1.0,1.0,102.40000000000002,8601,0.4,1.0,1.0,0.16000000000000003,True
80.0,1024,9.999999999999998,32,0.0,128,0.05,0.2,0.0,d_plus_T,160.0,0.011437083340815094,0.09149666672652076,0.9981772226702532,7.9854177813620275,4,1.0,False,1.0,1.0,102.40000000000002,8602,0.4,1.0,1.0,0.16000000000000003,True
80.0,1024,9.999999999999998,32,0.0,128,0.05,0.2,0.0,d_plus_T,160.0,0.012425868725262884,0.09940694980210307,0.9973183693427953,7.978546954742362,4,1.0,False,1.0,1.0,102.40000000000002,8603,0.4,1.0,1.0,0.16000000000000003,True
80.0,1024,9.999999999999998,32,0.0,128,0.05,0.2,0.0,d_plus_T,160.0,0.011813675558888485,0.09450940447110791,0.9968945939162273,7.97515675132982,4,1.0,False,1.0,1.0,102.40000000000002,8604,0.4,1.0,1.0,0.16000000000000003,True
80.0,1024,9.999999999999998,32,0.0,128,0.05,0.2,0.0,d_plus_T,160.0,0.010858446936959126,0.08686757549567299,0.9969519953735622,7.975615962988496,4,1.0,False,1.0,1.0,102.40000000000002,8605,0.4,1.0,1.0,0.16000000000000003,True
80.0,2048,19.999999999999996,32,6.938893903907228e-18,128,0.05,0.2,0.0,d_plus_T,160.0,0.0059020533348733036,0.04721642667898643,0.9971022419861009,7.976817935888807,4,1.0,False,1.0,1.0,102.40000000000002,8601,0.4,1.0,1.0,0.16000000000000003,True
80.0,2048,19.999999999999996,32,6.938893903907228e-18,128,0.05,0.2,0.0,d_plus_T,160.0,0.0057207133857177265,0.04576570708574182,0.9981772226702532,7.9854177813620275,4,1.0,False,1.0,1.0,102.40000000000002,8602,0.4,1.0,1.0,0.16000000000000003,True
80.0,2048,19.999999999999996,32,0.0,128,0.05,0.2,0.0,d_plus_T,160.0,0.006172394880539894,0.04937915904431915,0.9973183693427953,7.978546954742362,4,1.0,False,1.0,1.0,102.40000000000002,8603,0.4,1.0,1.0,0.16000000000000003,True
80.0,2048,19.999999999999996,32,0.0,128,0.05,0.2,0.0,d_plus_T,160.0,0.005899664166738492,0.04719731333390795,0.9968945939162273,7.97515675132982,4,1.0,False,1.0,1.0,102.40000000000002,8604,0.4,1.0,1.0,0.16000000000000003,True
80.0,2048,19.999999999999996,32,0.0,128,0.05,0.2,0.0,d_plus_T,160.0,0.005452257326273767,0.04361805861019013,0.9969519953735622,7.975615962988496,4,1.0,False,1.0,1.0,102.40000000000002,8605,0.4,1.0,1.0,0.16000000000000003,True
80.0,4096,39.99999999999999,32,0.0,128,0.05,0.2,0.0,d_plus_T,160.0,0.0029537595572013534,0.023630076457610828,0.9971022419861009,7.976817935888807,4,1.0,False,1.0,1.0,102.40000000000002,8601,0.4,1.0,1.0,0.16000000000000003,True
80.0,4096,39.99999999999999,32,0.0,128,0.05,0.2,0.0,d_plus_T,160.0,0.00286242121261334,0.022899369700906724,0.9981772226702532,7.9854177813620275,4,1.0,False,1.0,1.0,102.40000000000002,8602,0.4,1.0,1.0,0.16000000000000003,True
80.0,4096,39.99999999999999,32,0.0,128,0.05,0.2,0.0,d_plus_T,160.0,0.0030735072537072207,0.024588058029657765,0.9973183693427953,7.978546954742362,4,1.0,False,1.0,1.0,102.40000000000002,8603,0.4,1.0,1.0,0.16000000000000003,True
80.0,4096,39.99999999999999,32,0.0,128,0.05,0.2,0.0,d_plus_T,160.0,0.0029483416794926784,0.023586733435941434,0.9968945939162273,7.97515675132982,4,1.0,False,1.0,1.0,102.40000000000002,8604,0.4,1.0,1.0,0.16000000000000003,True
80.0,4096,39.99999999999999,32,0.0,128,0.05,0.2,0.0,d_plus_T,160.0,0.002735929635939015,0.021887437087512118,0.9969519953735622,7.975615962988496,4,1.0,False,1.0,1.0,102.40000000000002,8605,0.4,1.0,1.0,0.16000000000000003,True
80.0,32,0.17361111111111108,32,0.0,256,0.05,0.2,0.0,d_plus_T,288.0,0.6800604192107668,5.440483353686135,0.997575198908549,7.980601591268393,4,1.0,False,1.0,1.0,184.32000000000005,8601,0.4,1.0,1.0,0.16000000000000003,False
80.0,32,0.17361111111111108,32,0.0,256,0.05,0.2,0.0,d_plus_T,288.0,0.785921575581592,6.287372604652736,0.9979506002656061,7.983604802124849,4,1.0,False,1.0,1.0,184.32000000000005,8602,0.4,1.0,1.0,0.16000000000000003,False
80.0,32,0.17361111111111108,32,8.881784197001252e-16,256,0.05,0.2,0.0,d_plus_T,288.0,0.8916538594905737,7.13323087592459,0.9975412257342225,7.98032980587378,4,1.0,False,1.0,1.0,184.32000000000005,8603,0.4,1.0,1.0,0.16000000000000003,False
80.0,32,0.17361111111111108,32,0.0,256,0.05,0.2,0.0,d_plus_T,288.0,0.6708268474828084,5.366614779862467,0.9977804951381543,7.982243961105234,4,1.0,False,1.0,1.0,184.32000000000005,8604,0.4,1.0,1.0,0.16000000000000003,False
80.0,32,0.17361111111111108,32,0.0,256,0.05,0.2,0.0,d_plus_T,288.0,0.7490503873446187,5.992403098756949,0.9980618987696962,7.984495190157568,4,1.0,False,1.0,1.0,184.32000000000005,8605,0.4,1.0,1.0,0.16000000000000003,False
80.0,64,0.34722222222222215,32,0.0,256,0.05,0.2,0.0,d_plus_T,288.0,0.3414757982792173,2.731806386233739,0.997575198908549,7.980601591268393,4,1.0,False,1.0,1.0,184.32000000000005,8601,0.4,1.0,1.0,0.16000000000000003,False
80.0,64,0.34722222222222215,32,0.0,256,0.05,0.2,0.0,d_plus_T,288.0,0.35902948698645104,2.8722358958916083,0.9979506002656061,7.983604802124849,4,1.0,False,1.0,1.0,184.32000000000005,8602,0.4,1.0,1.0,0.16000000000000003,False
80.0,64,0.34722222222222215,32,0.0,256,0.05,0.2,0.0,d_plus_T,288.0,0.33814483417483876,2.70515867339871,0.9975412257342225,7.98032980587378,4,1.0,False,1.0,1.0,184.32000000000005,8603,0.4,1.0,1.0,0.16000000000000003,False
80.0,64,0.34722222222222215,32,0.0,256,0.05,0.2,0.0,d_plus_T,288.0,0.33355504263658464,2.668440341092677,0.9977804951381543,7.982243961105234,4,1.0,False,1.0,1.0,184.32000000000005,8604,0.4,1.0,1.0,0.16000000000000003,False
80.0,64,0.34722222222222215,32,0.0,256,0.05,0.2,0.0,d_plus_T,288.0,0.34457161842288087,2.7565729473830465,0.9980618987696962,7.984495190157568,4,1.0,False,1.0,1.0,184.32000000000005,8605,0.4,1.0,1.0,0.16000000000000003,False
80.0,128,0.6944444444444443,32,0.0,256,0.05,0.2,0.0,d_plus_T,288.0,0.1738317854183588,1.3906542833468707,0.997575198908549,7.980601591268393,4,1.0,False,1.0,1.0,184.32000000000005,8601,0.4,1.0,1.0,0.16000000000000003,False
80.0,128,0.6944444444444443,32,0.0,256,0.05,0.2,0.0,d_plus_T,288.0,0.17845749675870867,1.4276599740696694,0.9979506002656061,7.983604802124849,4,1.0,False,1.0,1.0,184.32000000000005,8602,0.4,1.0,1.0,0.16000000000000003,False
80.0,128,0.6944444444444443,32,0.0,256,0.05,0.2,0.0,d_plus_T,288.0,0.17306431841216913,1.384514547297353,0.9975412257342225,7.98032980587378,4,1.0,False,1.0,1.0,184.32000000000005,8603,0.4,1.0,1.0,0.16000000000000003,False
80.0,128,0.6944444444444443,32,0.0,256,0.05,0.2,0.0,d_plus_T,288.0,0.16875199937267749,1.3500159949814199,0.9977804951381543,7.982243961105234,4,1.0,False,1.0,1.0,184.32000000000005,8604,0.4,1.0,1.0,0.16000000000000003,False
80.0,128,0.6944444444444443,32,0.0,256,0.05,0.2,0.0,d_plus_T,288.0,0.17060349951959786,1.3648279961567826,0.9980618987696962,7.984495190157568,4,1.0,False,1.0,1.0,184.32000000000005,8605,0.4,1.0,1.0,0.16000000000000003,False
80.0,256,1.3888888888888886,32,0.0,256,0.05,0.2,0.0,d_plus_T,288.0,0.08811681618853529,0.7049345295082824,0.997575198908549,7.980601591268393,4,1.0,False,1.0,1.0,184.32000000000005,8601,0.4,1.0,1.0,0.16000000000000003,False
80.0,256,1.3888888888888886,32,1.1102230246251565e-16,256,0.05,0.2,0.0,d_plus_T,288.0,0.08963076065362419,0.7170460852289935,0.9979506002656061,7.983604802124849,4,1.0,False,1.0,1.0,184.32000000000005,8602,0.4,1.0,1.0,0.16000000000000003,False
80.0,256,1.3888888888888886,32,0.0,256,0.05,0.2,0.0,d_plus_T,288.0,0.08806577500937189,0.7045262000749751,0.9975412257342225,7.98032980587378,4,1.0,False,1.0,1.0,184.32000000000005,8603,0.4,1.0,1.0,0.16000000000000003,False
80.0,256,1.3888888888888886,32,0.0,256,0.05,0.2,0.0,d_plus_T,288.0,0.08549782117187367,0.6839825693749894,0.9977804951381543,7.982243961105234,4,1.0,False,1.0,1.0,184.32000000000005,8604,0.4,1.0,1.0,0.16000000000000003,False
80.0,256,1.3888888888888886,32,0.0,256,0.05,0.2,0.0,d_plus_T,288.0,0.08568158572829568,0.6854526858263653,0.9980618987696962,7.984495190157568,4,1.0,False,1.0,1.0,184.32000000000005,8605,0.4,1.0,1.0,0.16000000000000003,False
80.0,512,2.7777777777777772,32,5.551115123125783e-17,256,0.05,0.2,0.0,d_plus_T,288.0,0.04443354822577764,0.3554683858062212,0.997575198908549,7.980601591268393,4,1.0,False,1.0,1.0,184.32000000000005,8601,0.4,1.0,1.0,0.16000000000000003,False
80.0,512,2.7777777777777772,32,0.0,256,0.05,0.2,0.0,d_plus_T,288.0,0.04503869005809857,0.36030952046478854,0.9979506002656061,7.983604802124849,4,1.0,False,1.0,1.0,184.32000000000005,8602,0.4,1.0,1.0,0.16000000000000003,False
80.0,512,2.7777777777777772,32,0.0,256,0.05,0.2,0.0,d_plus_T,288.0,0.04457710946649914,0.35661687573199313,0.9975412257342225,7.98032980587378,4,1.0,False,1.0,1.0,184.32000000000005,8603,0.4,1.0,1.0,0.16000000000000003,False
80.0,512,2.7777777777777772,32,0.0,256,0.05,0.2,0.0,d_plus_T,288.0,0.04318255361125233,0.34546042889001866,0.9977804951381543,7.982243961105234,4,1.0,False,1.0,1.0,184.32000000000005,8604,0.4,1.0,1.0,0.16000000000000003,False
80.0,512,2.7777777777777772,32,0.0,256,0.05,0.2,0.0,d_plus_T,288.0,0.043089995292903534,0.3447199623432282,0.9980618987696962,7.984495190157568,4,1.0,False,1.0,1.0,184.32000000000005,8605,0.4,1.0,1.0,0.16000000000000003,False
80.0,1024,5.5555555555555545,32,0.0,256,0.05,0.2,0.0,d_plus_T,288.0,0.022321895382950412,0.17857516306360333,0.997575198908549,7.980601591268393,4,1.0,False,1.0,1.0,184.32000000000005,8601,0.4,1.0,1.0,0.16000000000000003,True
80.0,1024,5.5555555555555545,32,2.7755575615628914e-17,256,0.05,0.2,0.0,d_plus_T,288.0,0.022600420717199997,0.18080336573759997,0.9979506002656061,7.983604802124849,4,1.0,False,1.0,1.0,184.32000000000005,8602,0.4,1.0,1.0,0.16000000000000003,True
80.0,1024,5.5555555555555545,32,0.0,256,0.05,0.2,0.0,d_plus_T,288.0,0.02247340906419526,0.17978727251356208,0.9975412257342225,7.98032980587378,4,1.0,False,1.0,1.0,184.32000000000005,8603,0.4,1.0,1.0,0.16000000000000003,True
80.0,1024,5.5555555555555545,32,0.0,256,0.05,0.2,0.0,d_plus_T,288.0,0.02173692298320752,0.17389538386566017,0.9977804951381543,7.982243961105234,4,1.0,False,1.0,1.0,184.32000000000005,8604,0.4,1.0,1.0,0.16000000000000003,True
80.0,1024,5.5555555555555545,32,0.0,256,0.05,0.2,0.0,d_plus_T,288.0,0.021644577980142493,0.17315662384113992,0.9980618987696962,7.984495190157568,4,1.0,False,1.0,1.0,184.32000000000005,8605,0.4,1.0,1.0,0.16000000000000003,True
80.0,2048,11.111111111111109,32,0.0,256,0.05,0.2,0.0,d_plus_T,288.0,0.011188745366730663,0.08950996293384532,0.997575198908549,7.980601591268393,4,1.0,False,1.0,1.0,184.32000000000005,8601,0.4,1.0,1.0,0.16000000000000003,True
80.0,2048,11.111111111111109,32,1.3877787807814457e-17,256,0.05,0.2,0.0,d_plus_T,288.0,0.011326552849063285,0.09061242279250628,0.9979506002656061,7.983604802124849,4,1.0,False,1.0,1.0,184.32000000000005,8602,0.4,1.0,1.0,0.16000000000000003,True
80.0,2048,11.111111111111109,32,0.0,256,0.05,0.2,0.0,d_plus_T,288.0,0.011298312634155894,0.09038650107324715,0.9975412257342225,7.98032980587378,4,1.0,False,1.0,1.0,184.32000000000005,8603,0.4,1.0,1.0,0.16000000000000003,True
80.0,2048,11.111111111111109,32,0.0,256,0.05,0.2,0.0,d_plus_T,288.0,0.01091511033051564,0.08732088264412512,0.9977804951381543,7.982243961105234,4,1.0,False,1.0,1.0,184.32000000000005,8604,0.4,1.0,1.0,0.16000000000000003,True
80.0,2048,11.111111111111109,32,0.0,256,0.05,0.2,0.0,d_plus_T,288.0,0.010857877076141073,0.08686301660912857,0.9980618987696962,7.984495190157568,4,1.0,False,1.0,1.0,184.32000000000005,8605,0.4,1.0,1.0,0.16000000000000003,True
80.0,4096,22.222222222222218,32,0.0,256,0.05,0.2,0.0,d_plus_T,288.0,0.005601509365295254,0.04481207492236204,0.997575198908549,7.980601591268393,4,1.0,False,1.0,1.0,184.32000000000005,8601,0.4,1.0,1.0,0.16000000000000003,True
80.0,4096,22.222222222222218,32,0.0,256,0.05,0.2,0.0,d_plus_T,288.0,0.005671602081786469,0.04537281665429175,0.9979506002656061,7.983604802124849,4,1.0,False,1.0,1.0,184.32000000000005,8602,0.4,1.0,1.0,0.16000000000000003,True
80.0,4096,22.222222222222218,32,6.938893903907228e-18,256,0.05,0.2,0.0,d_plus_T,288.0,0.005669666215706847,0.045357329725654774,0.9975412257342225,7.98032980587378,4,1.0,False,1.0,1.0,184.32000000000005,8603,0.4,1.0,1.0,0.16000000000000003,True
80.0,4096,22.222222222222218,32,0.0,256,0.05,0.2,0.0,d_plus_T,288.0,0.005472402203426145,0.04377921762740916,0.9977804951381543,7.982243961105234,4,1.0,False,1.0,1.0,184.32000000000005,8604,0.4,1.0,1.0,0.16000000000000003,True
80.0,4096,22.222222222222218,32,6.938893903907228e-18,256,0.05,0.2,0.0,d_plus_T,288.0,0.005441279334193381,0.04353023467354704,0.9980618987696962,7.984495190157568,4,1.0,False,1.0,1.0,184.32000000000005,8605,0.4,1.0,1.0,0.16000000000000003,True
80.0,32,0.6249999999999999,32,0.0,128,0.05,0.2,0.0,k,2.0,0.417685218728428,1.6707408749137125,0.9972061727409388,3.988824690963756,2,1.0,False,1.0,1.0,51.20000000000001,8601,0.4,1.0,1.0,0.16000000000000003,False
80.0,32,0.6249999999999999,32,0.0,128,0.05,0.2,0.0,k,2.0,0.38897136982989455,1.5558854793195778,0.9986165756029524,3.9944663024118086,2,1.0,False,1.0,1.0,51.20000000000001,8602,0.4,1.0,1.0,0.16000000000000003,False
80.0,32,0.6249999999999999,32,2.220446049250313e-16,128,0.05,0.2,0.0,k,2.0,0.4627088413932669,1.8508353655730672,0.9983910988336736,3.9935643953346935,2,1.0,False,1.0,1.0,51.20000000000001,8603,0.4,1.0,1.0,0.16000000000000003,False
80.0,32,0.6249999999999999,32,0.0,128,0.05,0.2,0.0,k,2.0,0.3881051119377761,1.5524204477511043,0.9987033662557931,3.9948134650231726,2,1.0,False,1.0,1.0,51.20000000000001,8604,0.4,1.0,1.0,0.16000000000000003,False
80.0,32,0.6249999999999999,32,2.220446049250313e-16,128,0.05,0.2,0.0,k,2.0,0.42188860692798497,1.6875544277119396,0.9974277014905689,3.9897108059622752,2,1.0,False,1.0,1.0,51.20000000000001,8605,0.4,1.0,1.0,0.16000000000000003,False
80.0,64,1.2499999999999998,32,0.0,128,0.05,0.2,0.0,k,2.0,0.21090567965844537,0.8436227186337817,0.9972061727409388,3.988824690963756,2,1.0,False,1.0,1.0,51.20000000000001,8601,0.4,1.0,1.0,0.16000000000000003,False
80.0,64,1.2499999999999998,32,0.0,128,0.05,0.2,0.0,k,2.0,0.17853748091666877,0.714149923666675,0.9986165756029524,3.9944663024118086,2,1.0,False,1.0,1.0,51.20000000000001,8602,0.4,1.0,1.0,0.16000000000000003,False
80.0,64,1.2499999999999998,32,0.0,128,0.05,0.2,0.0,k,2.0,0.20934225016445934,0.8373690006578371,0.9983910988336736,3.9935643953346935,2,1.0,False,1.0,1.0,51.20000000000001,8603,0.4,1.0,1.0,0.16000000000000003,False
80.0,64,1.2499999999999998,32,0.0,128,0.05,0.2,0.0,k,2.0,0.18034096904504388,0.7213638761801755,0.9987033662557931,3.9948134650231726,2,1.0,False,1.0,1.0,51.20000000000001,8604,0.4,1.0,1.0,0.16000000000000003,False
80.0,64,1.2499999999999998,32,0.0,128,0.05,0.2,0.0,k,2.0,0.20494306256341244,0.8197722502536496,0.9974277014905689,3.9897108059622752,2,1.0,False,1.0,1.0,51.20000000000001,8605,0.4,1.0,1.0,0.16000000000000003,False
80.0,128,2.4999999999999996,32,0.0,128,0.05,0.2,0.0,k,2.0,0.10791867244238826,0.43167468976955314,0.9972061727409388,3.988824690963756,2,1.0,False,1.0,1.0,51.20000000000001,8601,0.4,1.0,1.0,0.16000000000000003,False
80.0,128,2.4999999999999996,32,0.0,128,0.05,0.2,0.0,k,2.0,0.0868384619500539,0.34735384780021555,0.9986165756029524,3.9944663024118086,2,1.0,False,1.0,1.0,51.20000000000001,8602,0.4,1.0,1.0,0.16000000000000003,False
80.0,128,2.4999999999999996,32,0.0,128,0.05,0.2,0.0,k,2.0,0.10031049328548192,0.40124197314192755,0.9983910988336736,3.9935643953346935,2,1.0,False,1.0,1.0,51.20000000000001,8603,0.4,1.0,1.0,0.16000000000000003,False
80.0,128,2.4999999999999996,32,5.551115123125783e-17,128,0.05,0.2,0.0,k,2.0,0.0884084174300463,0.3536336697201852,0.9987033662557931,3.9948134650231726,2,1.0,False,1.0,1.0,51.20000000000001,8604,0.4,1.0,1.0,0.16000000000000003,False
80.0,128,2.4999999999999996,32,5.551115123125783e-17,128,0.05,0.2,0.0,k,2.0,0.10099797238517468,0.40399188954069865,0.9974277014905689,3.9897108059622752,2,1.0,False,1.0,1.0,51.20000000000001,8605,0.4,1.0,1.0,0.16000000000000003,False
80.0,256,4.999999999999999,32,0.0,128,0.05,0.2,0.0,k,2.0,0.05494688533816809,0.21978754135267242,0.9972061727409388,3.988824690963756,2,1.0,False,1.0,1.0,51.20000000000001,8601,0.4,1.0,1.0,0.16000000000000003,False
80.0,256,4.999999999999999,32,2.7755575615628914e-17,128,0.05,0.2,0.0,k,2.0,0.04300747769720568,0.17202991078882268,0.9986165756029524,3.9944663024118086,2,1.0,False,1.0,1.0,51.20000000000001,8602,0.4,1.0,1.0,0.16000000000000003,True
80.0,256,4.999999999999999,32,0.0,128,0.05,0.2,0.0,k,2.0,0.04936868451139291,0.19747473804557159,0.9983910988336736,3.9935643953346935,2,1.0,False,1.0,1.0,51.20000000000001,8603,0.4,1.0,1.0,0.16000000000000003,True
80.0,256,4.999999999999999,32,0.0,128,0.05,0.2,0.0,k,2.0,0.04394798054609566,0.17579192218438264,0.9987033662557931,3.9948134650231726,2,1.0,False,1.0,1.0,51.20000000000001,8604,0.4,1.0,1.0,0.16000000000000003,True
80.0,256,4.999999999999999,32,0.0,128,0.05,0.2,0.0,k,2.0,0.050212430986315636,0.20084972394526251,0.9974277014905689,3.9897108059622752,2,1.0,False,1.0,1.0,51.20000000000001,8605,0.4,1.0,1.0,0.16000000000000003,False
80.0,512,9.999999999999998,32,0.0,128,0.05,0.2,0.0,k,2.0,0.02782006830521861,0.11128027322087447,0.9972061727409388,3.988824690963756,2,1.0,False,1.0,1.0,51.20000000000001,8601,0.4,1.0,1.0,0.16000000000000003,True
80.0,512,9.999999999999998,32,1.3877787807814457e-17,128,0.05,0.2,0.0,k,2.0,0.021452341985231948,0.08580936794092778,0.9986165756029524,3.9944663024118086,2,1.0,False,1.0,1.0,51.20000000000001,8602,0.4,1.0,1.0,0.16000000000000003,True
80.0,512,9.999999999999998,32,0.0,128,0.05,0.2,0.0,k,2.0,0.024578823177309223,0.09831529270923686,0.9983910988336736,3.9935643953346935,2,1.0,False,1.0,1.0,51.20000000000001,8603,0.4,1.0,1.0,0.16000000000000003,True
80.0,512,9.999999999999998,32,0.0,128,0.05,0.2,0.0,k,2.0,0.02195316313618329,0.08781265254473317,0.9987033662557931,3.9948134650231726,2,1.0,False,1.0,1.0,51.20000000000001,8604,0.4,1.0,1.0,0.16000000000000003,True
80.0,512,9.999999999999998,32,0.0,128,0.05,0.2,0.0,k,2.0,0.025068075703766946,0.10027230281506777,0.9974277014905689,3.9897108059622752,2,1.0,False,1.0,1.0,51.20000000000001,8605,0.4,1.0,1.0,0.16000000000000003,True
80.0,1024,19.999999999999996,32,0.0,128,0.05,0.2,0.0,k,2.0,0.014026859432941394,0.05610743773176559,0.9972061727409388,3.988824690963756,2,1.0,False,1.0,1.0,51.20000000000001,8601,0.4,1.0,1.0,0.16000000000000003,True
80.0,1024,19.999999999999996,32,0.0,128,0.05,0.2,0.0,k,2.0,0.010730205879258832,0.04292082351703532,0.9986165756029524,3.9944663024118086,2,1.0,False,1.0,1.0,51.20000000000001,8602,0.4,1.0,1.0,0.16000000000000003,True
80.0,1024,19.999999999999996,32,0.0,128,0.05,0.2,0.0,k,2.0,0.012292746006322998,0.04917098402529198,0.9983910988336736,3.9935643953346935,2,1.0,False,1.0,1.0,51.20000000000001,8603,0.4,1.0,1.0,0.16000000000000003,True
80.0,1024,19.999999999999996,32,0.0,128,0.05,0.2,0.0,k,2.0,0.010985876310988565,0.04394350524395426,0.9987033662557931,3.9948134650231726,2,1.0,False,1.0,1.0,51.20000000000001,8604,0.4,1.0,1.0,0.16000000000000003,True
80.0,1024,19.999999999999996,32,6.938893903907228e-18,128,0.05,0.2,0.0,k,2.0,0.01253656793571597,0.050146271742863874,0.9974277014905689,3.9897108059622752,2,1.0,False,1.0,1.0,51.20000000000001,8605,0.4,1.0,1.0,0.16000000000000003,True
80.0,2048,39.99999999999999,32,0.0,128,0.05,0.2,0.0,k,2.0,0.00705237593037426,0.028209503721497046,0.9972061727409388,3.988824690963756,2,1.0,False,1.0,1.0,51.20000000000001,8601,0.4,1.0,1.0,0.16000000000000003,True
80.0,2048,39.99999999999999,32,0.0,128,0.05,0.2,0.0,k,2.0,0.005371985699905092,0.021487942799620366,0.9986165756029524,3.9944663024118086,2,1.0,False,1.0,1.0,51.20000000000001,8602,0.4,1.0,1.0,0.16000000000000003,True
80.0,2048,39.99999999999999,32,0.0,128,0.05,0.2,0.0,k,2.0,0.006157328241724656,0.024629312966898617,0.9983910988336736,3.9935643953346935,2,1.0,False,1.0,1.0,51.20000000000001,8603,0.4,1.0,1.0,0.16000000000000003,True
80.0,2048,39.99999999999999,32,0.0,128,0.05,0.2,0.0,k,2.0,0.0055006345134686226,0.02200253805387449,0.9987033662557931,3.9948134650231726,2,1.0,False,1.0,1.0,51.20000000000001,8604,0.4,1.0,1.0,0.16000000000000003,True
80.0,2048,39.99999999999999,32,3.469446951953614e-18,128,0.05,0.2,0.0,k,2.0,0.006273200300493362,0.025092801201973443,0.9974277014905689,3.9897108059622752,2,1.0,False,1.0,1.0,51.20000000000001,8605,0.4,1.0,1.0,0.16000000000000003,True
80.0,4096,79.99999999999999,32,0.0,128,0.05,0.2,0.0,k,2.0,0.0035391990008355823,0.014156796003342333,0.9972061727409388,3.988824690963756,2,1.0,False,1.0,1.0,51.20000000000001,8601,0.4,1.0,1.0,0.16000000000000003,True
80.0,4096,79.99999999999999,32,1.734723475976807e-18,128,0.05,0.2,0.0,k,2.0,0.0026897901184728475,0.010759160473891388,0.9986165756029524,3.9944663024118086,2,1.0,False,1.0,1.0,51.20000000000001,8602,0.4,1.0,1.0,0.16000000000000003,True
80.0,4096,79.99999999999999,32,0.0,128,0.05,0.2,0.0,k,2.0,0.003084922141084798,0.012339688564339188,0.9983910988336736,3.9935643953346935,2,1.0,False,1.0,1.0,51.20000000000001,8603,0.4,1.0,1.0,0.16000000000000003,True
80.0,4096,79.99999999999999,32,0.0,128,0.05,0.2,0.0,k,2.0,0.0027542358681260145,0.011016943472504058,0.9987033662557931,3.9948134650231726,2,1.0,False,1.0,1.0,51.20000000000001,8604,0.4,1.0,1.0,0.16000000000000003,True
80.0,4096,79.99999999999999,32,0.0,128,0.05,0.2,0.0,k,2.0,0.0031393496514139914,0.012557398605655964,0.9974277014905689,3.9897108059622752,2,1.0,False,1.0,1.0,51.20000000000001,8605,0.4,1.0,1.0,0.16000000000000003,True
80.0,32,0.31249999999999994,32,0.0,128,0.05,0.2,0.0,k,4.0,0.4141522914231055,3.313218331384844,0.9971022419861009,7.976817935888807,4,1.0,False,1.0,1.0,102.40000000000002,8601,0.4,1.0,1.0,0.16000000000000003,False
80.0,32,0.31249999999999994,32,0.0,128,0.05,0.2,0.0,k,4.0,0.4196890310398428,3.357512248318743,0.9981772226702532,7.9854177813620275,4,1.0,False,1.0,1.0,102.40000000000002,8602,0.4,1.0,1.0,0.16000000000000003,False
80.0,32,0.31249999999999994,32,0.0,128,0.05,0.2,0.0,k,4.0,0.4790284815336402,3.8322278522691215,0.9973183693427953,7.978546954742362,4,1.0,False,1.0,1.0,102.40000000000002,8603,0.4,1.0,1.0,0.16000000000000003,False
80.0,32,0.31249999999999994,32,4.440892098500626e-16,128,0.05,0.2,0.0,k,4.0,0.40967698174852546,3.2774158539882046,0.9968945939162273,7.97515675132982,4,1.0,False,1.0,1.0,102.40000000000002,8604,0.4,1.0,1.0,0.16000000000000003,False
80.0,32,0.31249999999999994,32,0.0,128,0.05,0.2,0.0,k,4.0,0.37915438299763665,3.0332350639810928,0.9969519953735622,7.975615962988496,4,1.0,False,1.0,1.0,102.40000000000002,8605,0.4,1.0,1.0,0.16000000000000003,False
80.0,64,0.6249999999999999,32,0.0,128,0.05,0.2,0.0,k,4.0,0.19428794506063654,1.5543035604850923,0.9971022419861009,7.976817935888807,4,1.0,False,1.0,1.0,102.40000000000002,8601,0.4,1.0,1.0,0.16000000000000003,False
80.0,64,0.6249999999999999,32,0.0,128,0.05,0.2,0.0,k,4.0,0.19233370992136906,1.538669679370953,0.9981772226702532,7.9854177813620275,4,1.0,False,1.0,1.0,102.40000000000002,8602,0.4,1.0,1.0,0.16000000000000003,False
80.0,64,0.6249999999999999,32,0.0,128,0.05,0.2,0.0,k,4.0,0.22155657230043324,1.772452578403466,0.9973183693427953,7.978546954742362,4,1.0,False,1.0,1.0,102.40000000000002,8603,0.4,1.0,1.0,0.16000000000000003,False
80.0,64,0.6249999999999999,32,0.0,128,0.05,0.2,0.0,k,4.0,0.197131195896845,1.5770495671747604,0.9968945939162273,7.97515675132982,4,1.0,False,1.0,1.0,102.40000000000002,8604,0.4,1.0,1.0,0.16000000000000003,False
80.0,64,0.6249999999999999,32,2.220446049250313e-16,128,0.05,0.2,0.0,k,4.0,0.17685541302283167,1.4148433041826531,0.9969519953735622,7.975615962988496,4,1.0,False,1.0,1.0,102.40000000000002,8605,0.4,1.0,1.0,0.16000000000000003,False
80.0,128,1.2499999999999998,32,0.0,128,0.05,0.2,0.0,k,4.0,0.09507048023079476,0.7605638418463581,0.9971022419861009,7.976817935888807,4,1.0,False,1.0,1.0,102.40000000000002,8601,0.4,1.0,1.0,0.16000000000000003,False
80.0,128,1.2499999999999998,32,1.1102230246251565e-16,128,0.05,0.2,0.0,k,4.0,0.09302699660314236,0.744215972825139,0.9981772226702532,7.9854177813620275,4,1.0,False,1.0,1.0,102.40000000000002,8602,0.4,1.0,1.0,0.16000000000000003,False
80.0,128,1.2499999999999998,32,0.0,128,0.05,0.2,0.0,k,4.0,0.10542023283257787,0.843361862660623,0.9973183693427953,7.978546954742362,4,1.0,False,1.0,1.0,102.40000000000002,8603,0.4,1.0,1.0,0.16000000000000003,False
80.0,128,1.2499999999999998,32,0.0,128,0.05,0.2,0.0,k,4.0,0.0964091997857386,0.771273598285909,0.9968945939162273,7.97515675132982,4,1.0,False,1.0,1.0,102.40000000000002,8604,0.4,1.0,1.0,0.16000000000000003,False
80.0,128,1.2499999999999998,32,0.0,128,0.05,0.2,0.0,k,4.0,0.08659932292699506,0.6927945834159603,0.9969519953735622,7.975615962988496,4,1.0,False,1.0,1.0,102.40000000000002,8605,0.4,1.0,1.0,0.16000000000000003,False
80.0,256,2.4999999999999996,32,5.551115123125783e-17,128,0.05,0.2,0.0,k,4.0,0.04722021525248804,0.3777617220199043,0.9971022419861009,7.976817935888807,4,1.0,False,1.0,1.0,102.40000000000002,8601,0.4,1.0,1.0,0.16000000000000003,False
80.0,256,2.4999999999999996,32,0.0,128,0.05,0.2,0.0,k,4.0,0.04596260521690072,0.36770084173520584,0.9981772226702532,7.9854177813620275,4,1.0,False,1.0,1.0,102.40000000000002,8602,0.4,1.0,1.0,0.16000000000000003,False
80.0,256,2.4999999999999996,32,5.551115123125783e-17,128,0.05,0.2,0.0,k,4.0,0.051141990101396875,0.409135920811175,0.9973183693427953,7.978546954742362,4,1.0,False,1.0,1.0,102.40000000000002,8603,0.4,1.0,1.0,0.16000000000000003,False
80.0,256,2.4999999999999996,32,5.551115123125783e-17,128,0.05,0.2,0.0,k,4.0,0.04765161687772686,0.38121293502181497,0.9968945939162273,7.97515675132982,4,1.0,False,1.0,1.0,102.40000000000002,8604,0.4,1.0,1.0,0.16000000000000003,False
80.0,256,2.4999999999999996,32,0.0,128,0.05,0.2,0.0,k,4.0,0.04313795692396711,0.3451036553917368,0.9969519953735622,7.975615962988496,4,1.0,False,1.0,1.0,102.40000000000002,8605,0.4,1.0,1.0,0.16000000000000003,False
80.0,512,4.999999999999999,32,0.0,128,0.05,0.2,0.0,k,4.0,0.023577558521187023,0.18862046816949618,0.9971022419861009,7.976817935888807,4,1.0,False,1.0,1.0,102.40000000000002,8601,0.4,1.0,1.0,0.16000000000000003,True
80.0,512,4.999999999999999,32,0.0,128,0.05,0.2,0.0,k,4.0,0.022891941928704817,0.18313553542963856,0.9981772226702532,7.9854177813620275,4,1.0,False,1.0,1.0,102.40000000000002,8602,0.4,1.0,1.0,0.16000000000000003,True
80.0,512,4.999999999999999,32,0.0,128,0.05,0.2,0.0,k,4.0,0.025118507634012622,0.20094806107210098,0.9973183693427953,7.978546954742362,4,1.0,False,1.0,1.0,102.40000000000002,8603,0.4,1.0,1.0,0.16000000000000003,False
80.0,512,4.999999999999999,32,0.0,128,0.05,0.2,0.0,k,4.0,0.023690984957363853,0.18952787965891088,0.9968945939162273,7.97515675132982,4,1.0,False,1.0,1.0,102.40000000000002,8604,0.4,1.0,1.0,0.16000000000000003,True
80.0,512,4.999999999999999,32,0.0,128,0.05,0.2,0.0,k,4.0,0.02162407930563606,0.17299263444508844,0.9969519953735622,7.975615962988496,4,1.0,False,1.0,1.0,102.40000000000002,8605,0.4,1.0,1.0,0.16000000000000003,True
80.0,1024,9.999999999999998,32,0.0,128,0.05,0.2,0.0,k,4.0,0.011793504106522947,0.09434803285218357,0.9971022419861009,7.976817935888807,4,1.0,False,1.0,1.0,102.40000000000002,8601,0.4,1.0,1.0,0.16000000000000003,True
80.0,1024,9.999999999999998,32,0.0,128,0.05,0.2,0.0,k,4.0,0.011437083340815094,0.09149666672652076,0.9981772226702532,7.9854177813620275,4,1.0,False,1.0,1.0,102.40000000000002,8602,0.4,1.0,1.0,0.16000000000000003,True
80.0,1024,9.999999999999998,32,0.0,128,0.05,0.2,0.0,k,4.0,0.012425868725262884,0.09940694980210307,0.9973183693427953,7.978546954742362,4,1.0,False,1.0,1.0,102.40000000000002,8603,0.4,1.0,1.0,0.16000000000000003,True
80.0,1024,9.999999999999998,32,0.0,128,0.05,0.2,0.0,k,4.0,0.011813675558888485,0.09450940447110791,0.9968945939162273,7.97515675132982,4,1.0,False,1.0,1.0,102.40000000000002,8604,0.4,1.0,1.0,0.16000000000000003,True
80.0,1024,9.999999999999998,32,0.0,128,0.05,0.2,0.0,k,4.0,0.010858446936959126,0.08686757549567299,0.9969519953735622,7.975615962988496,4,1.0,False,1.0,1.0,102.40000000000002,8605,0.4,1.0,1.0,0.16000000000000003,True
80.0,2048,19.999999999999996,32,6.938893903907228e-18,128,0.05,0.2,0.0,k,4.0,0.0059020533348733036,0.04721642667898643,0.9971022419861009,7.976817935888807,4,1.0,False,1.0,1.0,102.40000000000002,8601,0.4,1.0,1.0,0.16000000000000003,True
80.0,2048,19.999999999999996,32,6.938893903907228e-18,128,0.05,0.2,0.0,k,4.0,0.0057207133857177265,0.04576570708574182,0.9981772226702532,7.9854177813620275,4,1.0,False,1.0,1.0,102.40000000000002,8602,0.4,1.0,1.0,0.16000000000000003,True
80.0,2048,19.999999999999996,32,0.0,128,0.05,0.2,0.0,k,4.0,0.006172394880539894,0.04937915904431915,0.9973183693427953,7.978546954742362,4,1.0,False,1.0,1.0,102.40000000000002,8603,0.4,1.0,1.0,0.16000000000000003,True
80.0,2048,19.999999999999996,32,0.0,128,0.05,0.2,0.0,k,4.0,0.005899664166738492,0.04719731333390795,0.9968945939162273,7.97515675132982,4,1.0,False,1.0,1.0,102.40000000000002,8604,0.4,1.0,1.0,0.16000000000000003,True
80.0,2048,19.999999999999996,32,0.0,128,0.05,0.2,0.0,k,4.0,0.005452257326273767,0.04361805861019013,0.9969519953735622,7.975615962988496,4,1.0,False,1.0,1.0,102.40000000000002,8605,0.4,1.0,1.0,0.16000000000000003,True
80.0,4096,39.99999999999999,32,0.0,128,0.05,0.2,0.0,k,4.0,0.0029537595572013534,0.023630076457610828,0.9971022419861009,7.976817935888807,4,1.0,False,1.0,1.0,102.40000000000002,8601,0.4,1.0,1.0,0.16000000000000003,True
80.0,4096,39.99999999999999,32,0.0,128,0.05,0.2,0.0,k,4.0,0.00286242121261334,0.022899369700906724,0.9981772226702532,7.9854177813620275,4,1.0,False,1.0,1.0,102.40000000000002,8602,0.4,1.0,1.0,0.16000000000000003,True
80.0,4096,39.99999999999999,32,0.0,128,0.05,0.2,0.0,k,4.0,0.0030735072537072207,0.024588058029657765,0.9973183693427953,7.978546954742362,4,1.0,False,1.0,1.0,102.40000000000002,8603,0.4,1.0,1.0,0.16000000000000003,True
80.0,4096,39.99999999999999,32,0.0,128,0.05,0.2,0.0,k,4.0,0.0029483416794926784,0.023586733435941434,0.9968945939162273,7.97515675132982,4,1.0,False,1.0,1.0,102.40000000000002,8604,0.4,1.0,1.0,0.16000000000000003,True
80.0,4096,39.99999999999999,32,0.0,128,0.05,0.2,0.0,k,4.0,0.002735929635939015,0.021887437087512118,0.9969519953735622,7.975615962988496,4,1.0,False,1.0,1.0,102.40000000000002,8605,0.4,1.0,1.0,0.16000000000000003,True
80.0,32,0.15624999999999997,32,0.0,128,0.05,0.2,0.0,k,8.0,0.39615601485528984,6.338496237684637,0.995311956408525,15.9249913025364,8,1.0,False,1.0,1.0,204.80000000000004,8601,0.4,1.0,1.0,0.16000000000000003,False
80.0,32,0.15624999999999997,32,8.881784197001252e-16,128,0.05,0.2,0.0,k,8.0,0.40503733982774026,6.480597437243844,0.9958206081432309,15.933129730291695,8,1.0,False,1.0,1.0,204.80000000000004,8602,0.4,1.0,1.0,0.16000000000000003,False
80.0,32,0.15624999999999997,32,0.0,128,0.05,0.2,0.0,k,8.0,0.4423727534127774,7.077964054604438,0.9958647495748607,15.933835993197771,8,1.0,False,1.0,1.0,204.80000000000004,8603,0.4,1.0,1.0,0.16000000000000003,False
80.0,32,0.15624999999999997,32,0.0,128,0.05,0.2,0.0,k,8.0,0.42346652235964866,6.7754643577543785,0.9956916083450171,15.931065733520274,8,1.0,False,1.0,1.0,204.80000000000004,8604,0.4,1.0,1.0,0.16000000000000003,False
80.0,32,0.15624999999999997,32,0.0,128,0.05,0.2,0.0,k,8.0,0.47132155630285133,7.541144900845621,0.9967872260285375,15.9485956164566,8,1.0,False,1.0,1.0,204.80000000000004,8605,0.4,1.0,1.0,0.16000000000000003,False
80.0,64,0.31249999999999994,32,0.0,128,0.05,0.2,0.0,k,8.0,0.1875654621388564,3.001047394221702,0.995311956408525,15.9249913025364,8,1.0,False,1.0,1.0,204.80000000000004,8601,0.4,1.0,1.0,0.16000000000000003,False
80.0,64,0.31249999999999994,32,0.0,128,0.05,0.2,0.0,k,8.0,0.19104056415441173,3.0566490264705877,0.9958206081432309,15.933129730291695,8,1.0,False,1.0,1.0,204.80000000000004,8602,0.4,1.0,1.0,0.16000000000000003,False
80.0,64,0.31249999999999994,32,0.0,128,0.05,0.2,0.0,k,8.0,0.19573954631656415,3.1318327410650264,0.9958647495748607,15.933835993197771,8,1.0,False,1.0,1.0,204.80000000000004,8603,0.4,1.0,1.0,0.16000000000000003,False
80.0,64,0.31249999999999994,32,0.0,128,0.05,0.2,0.0,k,8.0,0.1923805064893897,3.0780881038302352,0.9956916083450171,15.931065733520274,8,1.0,False,1.0,1.0,204.80000000000004,8604,0.4,1.0,1.0,0.16000000000000003,False
80.0,64,0.31249999999999994,32,4.440892098500626e-16,128,0.05,0.2,0.0,k,8.0,0.20272899061202831,3.243663849792453,0.9967872260285375,15.9485956164566,8,1.0,False,1.0,1.0,204.80000000000004,8605,0.4,1.0,1.0,0.16000000000000003,False
80.0,128,0.6249999999999999,32,0.0,128,0.05,0.2,0.0,k,8.0,0.09222415227652296,1.4755864364243674,0.995311956408525,15.9249913025364,8,1.0,False,1.0,1.0,204.80000000000004,8601,0.4,1.0,1.0,0.16000000000000003,False
80.0,128,0.6249999999999999,32,0.0,128,0.05,0.2,0.0,k,8.0,0.0924155218934268,1.4786483502948289,0.9958206081432309,15.933129730291695,8,1.0,False,1.0,1.0,204.80000000000004,8602,0.4,1.0,1.0,0.16000000000000003,False
80.0,128,0.6249999999999999,32,0.0,128,0.05,0.2,0.0,k,8.0,0.09206205530216957,1.4729928848347131,0.9958647495748607,15.933835993197771,8,1.0,False,1.0,1.0,204.80000000000004,8603,0.4,1.0,1.0,0.16000000000000003,False
80.0,128,0.6249999999999999,32,0.0,128,0.05,0.2,0.0,k,8.0,0.09340730161569927,1.4945168258511883,0.9956916083450171,15.931065733520274,8,1.0,False,1.0,1.0,204.80000000000004,8604,0.4,1.0,1.0,0.16000000000000003,False
80.0,128,0.6249999999999999,32,0.0,128,0.05,0.2,0.0,k,8.0,0.09755914765738546,1.5609463625181674,0.9967872260285375,15.9485956164566,8,1.0,False,1.0,1.0,204.80000000000004,8605,0.4,1.0,1.0,0.16000000000000003,False
80.0,256,1.2499999999999998,32,0.0,128,0.05,0.2,0.0,k,8.0,0.045915231158194306,0.7346436985311089,0.995311956408525,15.9249913025364,8,1.0,False,1.0,1.0,204.80000000000004,8601,0.4,1.0,1.0,0.16000000000000003,False
80.0,256,1.2499999999999998,32,0.0,128,0.05,0.2,0.0,k,8.0,0.0454795261560271,0.7276724184964336,0.9958206081432309,15.933129730291695,8,1.0,False,1.0,1.0,204.80000000000004,8602,0.4,1.0,1.0,0.16000000000000003,False
80.0,256,1.2499999999999998,32,0.0,128,0.05,0.2,0.0,k,8.0,0.044669285603514436,0.714708569656231,0.9958647495748607,15.933835993197771,8,1.0,False,1.0,1.0,204.80000000000004,8603,0.4,1.0,1.0,0.16000000000000003,False
80.0,256,1.2499999999999998,32,1.1102230246251565e-16,128,0.05,0.2,0.0,k,8.0,0.04643117078560881,0.7428987325697409,0.9956916083450171,15.931065733520274,8,1.0,False,1.0,1.0,204.80000000000004,8604,0.4,1.0,1.0,0.16000000000000003,False
80.0,256,1.2499999999999998,32,1.1102230246251565e-16,128,0.05,0.2,0.0,k,8.0,0.04790237179922881,0.7664379487876609,0.9967872260285375,15.9485956164566,8,1.0,False,1.0,1.0,204.80000000000004,8605,0.4,1.0,1.0,0.16000000000000003,False
80.0,512,2.4999999999999996,32,5.551115123125783e-17,128,0.05,0.2,0.0,k,8.0,0.022962112536631548,0.36739380058610477,0.995311956408525,15.9249913025364,8,1.0,False,1.0,1.0,204.80000000000004,8601,0.4,1.0,1.0,0.16000000000000003,False
80.0,512,2.4999999999999996,32,0.0,128,0.05,0.2,0.0,k,8.0,0.0225715251008608,0.3611444016137728,0.9958206081432309,15.933129730291695,8,1.0,False,1.0,1.0,204.80000000000004,8602,0.4,1.0,1.0,0.16000000000000003,False
80.0,512,2.4999999999999996,32,5.551115123125783e-17,128,0.05,0.2,0.0,k,8.0,0.02199998924637822,0.35199982794205154,0.9958647495748607,15.933835993197771,8,1.0,False,1.0,1.0,204.80000000000004,8603,0.4,1.0,1.0,0.16000000000000003,False
80.0,512,2.4999999999999996,32,0.0,128,0.05,0.2,0.0,k,8.0,0.02322571388585585,0.3716114221736936,0.9956916083450171,15.931065733520274,8,1.0,False,1.0,1.0,204.80000000000004,8604,0.4,1.0,1.0,0.16000000000000003,False
80.0,512,2.4999999999999996,32,5.551115123125783e-17,128,0.05,0.2,0.0,k,8.0,0.023706386414426052,0.37930218263081683,0.9967872260285375,15.9485956164566,8,1.0,False,1.0,1.0,204.80000000000004,8605,0.4,1.0,1.0,0.16000000000000003,False
80.0,1024,4.999999999999999,32,2.7755575615628914e-17,128,0.05,0.2,0.0,k,8.0,0.011499325349222562,0.183989205587561,0.995311956408525,15.9249913025364,8,1.0,False,1.0,1.0,204.80000000000004,8601,0.4,1.0,1.0,0.16000000000000003,True
80.0,1024,4.999999999999999,32,0.0,128,0.05,0.2,0.0,k,8.0,0.011246691050759839,0.17994705681215742,0.9958206081432309,15.933129730291695,8,1.0,False,1.0,1.0,204.80000000000004,8602,0.4,1.0,1.0,0.16000000000000003,True
80.0,1024,4.999999999999999,32,0.0,128,0.05,0.2,0.0,k,8.0,0.010914155822422918,0.1746264931587667,0.9958647495748607,15.933835993197771,8,1.0,False,1.0,1.0,204.80000000000004,8603,0.4,1.0,1.0,0.16000000000000003,True
80.0,1024,4.999999999999999,32,0.0,128,0.05,0.2,0.0,k,8.0,0.011633847622500788,0.1861415619600126,0.9956916083450171,15.931065733520274,8,1.0,False,1.0,1.0,204.80000000000004,8604,0.4,1.0,1.0,0.16000000000000003,True
80.0,1024,4.999999999999999,32,2.7755575615628914e-17,128,0.05,0.2,0.0,k,8.0,0.011778941742184475,0.1884630678749516,0.9967872260285375,15.9485956164566,8,1.0,False,1.0,1.0,204.80000000000004,8605,0.4,1.0,1.0,0.16000000000000003,True
80.0,2048,9.999999999999998,32,1.3877787807814457e-17,128,0.05,0.2,0.0,k,8.0,0.005760014701371968,0.09216023522195149,0.995311956408525,15.9249913025364,8,1.0,False,1.0,1.0,204.80000000000004,8601,0.4,1.0,1.0,0.16000000000000003,True
80.0,2048,9.999999999999998,32,1.3877787807814457e-17,128,0.05,0.2,0.0,k,8.0,0.005614300277665072,0.08982880444264116,0.9958206081432309,15.933129730291695,8,1.0,False,1.0,1.0,204.80000000000004,8602,0.4,1.0,1.0,0.16000000000000003,True
80.0,2048,9.999999999999998,32,1.3877787807814457e-17,128,0.05,0.2,0.0,k,8.0,0.005434267398701233,0.08694827837921973,0.9958647495748607,15.933835993197771,8,1.0,False,1.0,1.0,204.80000000000004,8603,0.4,1.0,1.0,0.16000000000000003,True
80.0,2048,9.999999999999998,32,0.0,128,0.05,0.2,0.0,k,8.0,0.0058274507846320074,0.09323921255411212,0.9956916083450171,15.931065733520274,8,1.0,False,1.0,1.0,204.80000000000004,8604,0.4,1.0,1.0,0.16000000000000003,True
80.0,2048,9.999999999999998,32,0.0,128,0.05,0.2,0.0,k,8.0,0.005865982155731457,0.09385571449170331,0.9967872260285375,15.9485956164566,8,1.0,False,1.0,1.0,204.80000000000004,8605,0.4,1.0,1.0,0.16000000000000003,True
80.0,4096,19.999999999999996,32,0.0,128,0.05,0.2,0.0,k,8.0,0.0028845957490583295,0.04615353198493327,0.995311956408525,15.9249913025364,8,1.0,False,1.0,1.0,204.80000000000004,8601,0.4,1.0,1.0,0.16000000000000003,True
80.0,4096,19.999999999999996,32,6.938893903907228e-18,128,0.05,0.2,0.0,k,8.0,0.002805097372887759,0.04488155796620415,0.9958206081432309,15.933129730291695,8,1.0,False,1.0,1.0,204.80000000000004,8602,0.4,1.0,1.0,0.16000000000000003,True
80.0,4096,19.999999999999996,32,6.938893903907228e-18,128,0.05,0.2,0.0,k,8.0,0.002710873516486717,0.04337397626378747,0.9958647495748607,15.933835993197771,8,1.0,False,1.0,1.0,204.80000000000004,8603,0.4,1.0,1.0,0.16000000000000003,True
80.0,4096,19.999999999999996,32,0.0,128,0.05,0.2,0.0,k,8.0,0.002918048420948097,0.04668877473516955,0.9956916083450171,15.931065733520274,8,1.0,False,1.0,1.0,204.80000000000004,8604,0.4,1.0,1.0,0.16000000000000003,True
80.0,4096,19.999999999999996,32,0.0,128,0.05,0.2,0.0,k,8.0,0.002925357035414968,0.046805712566639485,0.9967872260285375,15.9485956164566,8,1.0,False,1.0,1.0,204.80000000000004,8605,0.4,1.0,1.0,0.16000000000000003,True
80.0,32,0.31249999999999994,32,0.0,128,0.05,0.2,0.0,kappa,1.0,0.4141522914231055,3.313218331384844,0.9971022419861009,7.976817935888807,4,1.0,False,1.0,1.0,102.40000000000002,8601,0.4,1.0,1.0,0.16000000000000003,False
80.0,32,0.31249999999999994,32,0.0,128,0.05,0.2,0.0,kappa,1.0,0.4196890310398428,3.357512248318743,0.9981772226702532,7.9854177813620275,4,1.0,False,1.0,1.0,102.40000000000002,8602,0.4,1.0,1.0,0.16000000000000003,False
80.0,32,0.31249999999999994,32,0.0,128,0.05,0.2,0.0,kappa,1.0,0.4790284815336402,3.8322278522691215,0.9973183693427953,7.978546954742362,4,1.0,False,1.0,1.0,102.40000000000002,8603,0.4,1.0,1.0,0.16000000000000003,False
80.0,32,0.31249999999999994,32,4.440892098500626e-16,128,0.05,0.2,0.0,kappa,1.0,0.40967698174852546,3.2774158539882046,0.9968945939162273,7.97515675132982,4,1.0,False,1.0,1.0,102.40000000000002,8604,0.4,1.0,1.0,0.16000000000000003,False
80.0,32,0.31249999999999994,32,0.0,128,0.05,0.2,0.0,kappa,1.0,0.37915438299763665,3.0332350639810928,0.9969519953735622,7.975615962988496,4,1.0,False,1.0,1.0,102.40000000000002,8605,0.4,1.0,1.0,0.16000000000000003,False
80.0,64,0.6249999999999999,32,0.0,128,0.05,0.2,0.0,kappa,1.0,0.19428794506063654,1.5543035604850923,0.9971022419861009,7.976817935888807,4,1.0,False,1.0,1.0,102.40000000000002,8601,0.4,1.0,1.0,0.16000000000000003,False
80.0,64,0.6249999999999999,32,0.0,128,0.05,0.2,0.0,kappa,1.0,0.19233370992136906,1.538669679370953,0.9981772226702532,7.9854177813620275,4,1.0,False,1.0,1.0,102.40000000000002,8602,0.4,1.0,1.0,0.16000000000000003,False
80.0,64,0.6249999999999999,32,0.0,128,0.05,0.2,0.0,kappa,1.0,0.22155657230043324,1.772452578403466,0.9973183693427953,7.978546954742362,4,1.0,False,1.0,1.0,102.40000000000002,8603,0.4,1.0,1.0,0.16000000000000003,False
80.0,64,0.6249999999999999,32,0.0,128,0.05,0.2,0.0,kappa,1.0,0.197131195896845,1.5770495671747604,0.9968945939162273,7.97515675132982,4,1.0,False,1.0,1.0,102.40000000000002,8604,0.4,1.0,1.0,0.16000000000000003,False
80.0,64,0.6249999999999999,32,2.220446049250313e-16,128,0.05,0.2,0.0,kappa,1.0,0.17685541302283167,1.4148433041826531,0.9969519953735622,7.975615962988496,4,1.0,False,1.0,1.0,102.40000000000002,8605,0.4,1.0,1.0,0.16000000000000003,False
80.0,128,1.2499999999999998,32,0.0,128,0.05,0.2,0.0,kappa,1.0,0.09507048023079476,0.7605638418463581,0.9971022419861009,7.976817935888807,4,1.0,False,1.0,1.0,102.40000000000002,8601,0.4,1.0,1.0,0.16000000000000003,False
80.0,128,1.2499999999999998,32,1.1102230246251565e-16,128,0.05,0.2,0.0,kappa,1.0,0.09302699660314236,0.744215972825139,0.9981772226702532,7.9854177813620275,4,1.0,False,1.0,1.0,102.40000000000002,8602,0.4,1.0,1.0,0.16000000000000003,False
80.0,128,1.2499999999999998,32,0.0,128,0.05,0.2,0.0,kappa,1.0,0.10542023283257787,0.843361862660623,0.9973183693427953,7.978546954742362,4,1.0,False,1.0,1.0,102.40000000000002,8603,0.4,1.0,1.0,0.16000000000000003,False
80.0,128,1.2499999999999998,32,0.0,128,0.05,0.2,0.0,kappa,1.0,0.0964091997857386,0.771273598285909,0.9968945939162273,7.97515675132982,4,1.0,False,1.0,1.0,102.40000000000002,8604,0.4,1.0,1.0,0.16000000000000003,False
80.0,128,1.2499999999999998,32,0.0,128,0.05,0.2,0.0,kappa,1.0,0.08659932292699506,0.6927945834159603,0.9969519953735622,7.975615962988496,4,1.0,False,1.0,1.0,102.40000000000002,8605,0.4,1.0,1.0,0.16000000000000003,False
80.0,256,2.4999999999999996,32,5.551115123125783e-17,128,0.05,0.2,0.0,kappa,1.0,0.04722021525248804,0.3777617220199043,0.9971022419861009,7.976817935888807,4,1.0,False,1.0,1.0,102.40000000000002,8601,0.4,1.0,1.0,0.16000000000000003,False
80.0,256,2.4999999999999996,32,0.0,128,0.05,0.2,0.0,kappa,1.0,0.04596260521690072,0.36770084173520584,0.9981772226702532,7.9854177813620275,4,1.0,False,1.0,1.0,102.40000000000002,8602,0.4,1.0,1.0,0.16000000000000003,False
80.0,256,2.4999999999999996,32,5.551115123125783e-17,128,0.05,0.2,0.0,kappa,1.0,0.051141990101396875,0.409135920811175,0.9973183693427953,7.978546954742362,4,1.0,False,1.0,1.0,102.40000000000002,8603,0.4,1.0,1.0,0.16000000000000003,False
80.0,256,2.4999999999999996,32,5.551115123125783e-17,128,0.05,0.2,0.0,kappa,1.0,0.04765161687772686,0.38121293502181497,0.9968945939162273,7.97515675132982,4,1.0,False,1.0,1.0,102.40000000000002,8604,0.4,1.0,1.0,0.16000000000000003,False
80.0,256,2.4999999999999996,32,0.0,128,0.05,0.2,0.0,kappa,1.0,0.04313795692396711,0.3451036553917368,0.9969519953735622,7.975615962988496,4,1.0,False,1.0,1.0,102.40000000000002,8605,0.4,1.0,1.0,0.16000000000000003,False
80.0,512,4.999999999999999,32,0.0,128,0.05,0.2,0.0,kappa,1.0,0.023577558521187023,0.18862046816949618,0.9971022419861009,7.976817935888807,4,1.0,False,1.0,1.0,102.40000000000002,8601,0.4,1.0,1.0,0.16000000000000003,True
80.0,512,4.999999999999999,32,0.0,128,0.05,0.2,0.0,kappa,1.0,0.022891941928704817,0.18313553542963856,0.9981772226702532,7.9854177813620275,4,1.0,False,1.0,1.0,102.40000000000002,8602,0.4,1.0,1.0,0.16000000000000003,True
80.0,512,4.999999999999999,32,0.0,128,0.05,0.2,0.0,kappa,1.0,0.025118507634012622,0.20094806107210098,0.9973183693427953,7.978546954742362,4,1.0,False,1.0,1.0,102.40000000000002,8603,0.4,1.0,1.0,0.16000000000000003,False
80.0,512,4.999999999999999,32,0.0,128,0.05,0.2,0.0,kappa,1.0,0.023690984957363853,0.18952787965891088,0.9968945939162273,7.97515675132982,4,1.0,False,1.0,1.0,102.40000000000002,8604,0.4,1.0,1.0,0.16000000000000003,True
80.0,512,4.999999999999999,32,0.0,128,0.05,0.2,0.0,kappa,1.0,0.02162407930563606,0.17299263444508844,0.9969519953735622,7.975615962988496,4,1.0,False,1.0,1.0,102.40000000000002,8605,0.4,1.0,1.0,0.16000000000000003,True
80.0,1024,9.999999999999998,32,0.0,128,0.05,0.2,0.0,kappa,1.0,0.011793504106522947,0.09434803285218357,0.9971022419861009,7.976817935888807,4,1.0,False,1.0,1.0,102.40000000000002,8601,0.4,1.0,1.0,0.16000000000000003,True
80.0,1024,9.999999999999998,32,0.0,128,0.05,0.2,0.0,kappa,1.0,0.011437083340815094,0.09149666672652076,0.9981772226702532,7.9854177813620275,4,1.0,False,1.0,1.0,102.40000000000002,8602,0.4,1.0,1.0,0.16000000000000003,True
80.0,1024,9.999999999999998,32,0.0,128,0.05,0.2,0.0,kappa,1.0,0.012425868725262884,0.09940694980210307,0.9973183693427953,7.978546954742362,4,1.0,False,1.0,1.0,102.40000000000002,8603,0.4,1.0,1.0,0.16000000000000003,True
80.0,1024,9.999999999999998,32,0.0,128,0.05,0.2,0.0,kappa,1.0,0.011813675558888485,0.09450940447110791,0.9968945939162273,7.97515675132982,4,1.0,False,1.0,1.0,102.40000000000002,8604,0.4,1.0,1.0,0.16000000000000003,True
80.0,1024,9.999999999999998,32,0.0,128,0.05,0.2,0.0,kappa,1.0,0.010858446936959126,0.08686757549567299,0.9969519953735622,7.975615962988496,4,1.0,False,1.0,1.0,102.40000000000002,8605,0.4,1.0,1.0,0.16000000000000003,True
80.0,2048,19.999999999999996,32,6.938893903907228e-18,128,0.05,0.2,0.0,kappa,1.0,0.0059020533348733036,0.04721642667898643,0.9971022419861009,7.976817935888807,4,1.0,False,1.0,1.0,102.40000000000002,8601,0.4,1.0,1.0,0.16000000000000003,True
80.0,2048,19.999999999999996,32,6.938893903907228e-18,128,0.05,0.2,0.0,kappa,1.0,0.0057207133857177265,0.04576570708574182,0.9981772226702532,7.9854177813620275,4,1.0,False,1.0,1.0,102.40000000000002,8602,0.4,1.0,1.0,0.16000000000000003,True
80.0,2048,19.999999999999996,32,0.0,128,0.05,0.2,0.0,kappa,1.0,0.006172394880539894,0.04937915904431915,0.9973183693427953,7.978546954742362,4,1.0,False,1.0,1.0,102.40000000000002,8603,0.4,1.0,1.0,0.16000000000000003,True
80.0,2048,19.999999999999996,32,0.0,128,0.05,0.2,0.0,kappa,1.0,0.005899664166738492,0.04719731333390795,0.9968945939162273,7.97515675132982,4,1.0,False,1.0,1.0,102.40000000000002,8604,0.4,1.0,1.0,0.16000000000000003,True
80.0,2048,19.999999999999996,32,0.0,128,0.05,0.2,0.0,kappa,1.0,0.005452257326273767,0.04361805861019013,0.9969519953735622,7.975615962988496,4,1.0,False,1.0,1.0,102.40000000000002,8605,0.4,1.0,1.0,0.16000000000000003,True
80.0,4096,39.99999999999999,32,0.0,128,0.05,0.2,0.0,kappa,1.0,0.0029537595572013534,0.023630076457610828,0.9971022419861009,7.976817935888807,4,1.0,False,1.0,1.0,102.40000000000002,8601,0.4,1.0,1.0,0.16000000000000003,True
80.0,4096,39.99999999999999,32,0.0,128,0.05,0.2,0.0,kappa,1.0,0.00286242121261334,0.022899369700906724,0.9981772226702532,7.9854177813620275,4,1.0,False,1.0,1.0,102.40000000000002,8602,0.4,1.0,1.0,0.16000000000000003,True
80.0,4096,39.99999999999999,32,0.0,128,0.05,0.2,0.0,kappa,1.0,0.0030735072537072207,0.024588058029657765,0.9973183693427953,7.978546954742362,4,1.0,False,1.0,1.0,102.40000000000002,8603,0.4,1.0,1.0,0.16000000000000003,True
80.0,4096,39.99999999999999,32,0.0,128,0.05,0.2,0.0,kappa,1.0,0.0029483416794926784,0.023586733435941434,0.9968945939162273,7.97515675132982,4,1.0,False,1.0,1.0,102.40000000000002,8604,0.4,1.0,1.0,0.16000000000000003,True
80.0,4096,39.99999999999999,32,0.0,128,0.05,0.2,0.0,kappa,1.0,0.002735929635939015,0.021887437087512118,0.9969519953735622,7.975615962988496,4,1.0,False,1.0,1.0,102.40000000000002,8605,0.4,1.0,1.0,0.16000000000000003,True
7.023319615912209,32,0.061728395061728385,32,0.0,128,0.0043895747599451305,0.13333333333333333,0.0,kappa,1.5,0.2623422072856335,2.623422072856335,0.997411081463679,9.97411081463679,4,1.5,False,1.5,1.0,518.4000000000001,8601,0.4,1.5,1.0,0.16000000000000003,False
7.023319615912209,32,0.061728395061728385,32,0.0,128,0.0043895747599451305,0.13333333333333333,0.0,kappa,1.5,0.2531807036466042,2.5318070364660423,0.9983960802724063,9.983960802724063,4,1.5,False,1.5,1.0,518.4000000000001,8602,0.4,1.5,1.0,0.16000000000000003,False
7.023319615912209,32,0.061728395061728385,32,0.0,128,0.0043895747599451305,0.13333333333333333,0.0,kappa,1.5,0.30155650350666,3.0155650350666003,0.9975489178468333,9.975489178468333,4,1.5,False,1.5,1.0,518.4000000000001,8603,0.4,1.5,1.0,0.16000000000000003,False
7.023319615912209,32,0.061728395061728385,32,4.440892098500626e-16,128,0.0043895747599451305,0.13333333333333333,0.0,kappa,1.5,0.26387364939621943,2.638736493962195,0.9972453873804609,9.97245387380461,4,1.5,False,1.5,1.0,518.4000000000001,8604,0.4,1.5,1.0,0.16000000000000003,False
7.023319615912209,32,0.061728395061728385,32,0.0,128,0.0043895747599451305,0.13333333333333333,0.0,kappa,1.5,0.23966660212734525,2.396666021273452,0.9971792446137002,9.971792446137,4,1.5,False,1.5,1.0,518.4000000000001,8605,0.4,1.5,1.0,0.16000000000000003,False
7.023319615912209,64,0.12345679012345677,32,0.0,128,0.0043895747599451305,0.13333333333333333,0.0,kappa,1.5,0.12599940757844416,1.2599940757844417,0.997411081463679,9.97411081463679,4,1.5,False,1.5,1.0,518.4000000000001,8601,0.4,1.5,1.0,0.16000000000000003,False
7.023319615912209,64,0.12345679012345677,32,0.0,128,0.0043895747599451305,0.13333333333333333,0.0,kappa,1.5,0.12273810727702797,1.2273810727702796,0.9983960802724063,9.983960802724063,4,1.5,False,1.5,1.0,518.4000000000001,8602,0.4,1.5,1.0,0.16000000000000003,False
7.023319615912209,64,0.12345679012345677,32,2.220446049250313e-16,128,0.0043895747599451305,0.13333333333333333,0.0,kappa,1.5,0.1435561135158229,1.435561135158229,0.9975489178468333,9.975489178468333,4,1.5,False,1.5,1.0,518.4000000000001,8603,0.4,1.5,1.0,0.16000000000000003,False
7.023319615912209,64,0.12345679012345677,32,0.0,128,0.0043895747599451305,0.13333333333333333,0.0,kappa,1.5,0.12887006883839341,1.2887006883839345,0.9972453873804609,9.97245387380461,4,1.5,False,1.5,1.0,518.4000000000001,8604,0.4,1.5,1.0,0.16000000000000003,False
7.023319615912209,64,0.12345679012345677,32,0.0,128,0.0043895747599451305,0.13333333333333333,0.0,kappa,1.5,0.1153251804365281,1.1532518043652809,0.9971792446137002,9.971792446137,4,1.5,False,1.5,1.0,518.4000000000001,8605,0.4,1.5,1.0,0.16000000000000003,False
7.023319615912209,128,0.24691358024691354,32,0.0,128,0.0043895747599451305,0.13333333333333333,0.0,kappa,1.5,0.062298088453468646,0.6229808845346865,0.997411081463679,9.97411081463679,4,1.5,False,1.5,1.0,518.4000000000001,8601,0.4,1.5,1.0,0.16000000000000003,False
7.023319615912209,128,0.24691358024691354,32,0.0,128,0.0043895747599451305,0.13333333333333333,0.0,kappa,1.5,0.06071006874101311,0.6071006874101311,0.9983960802724063,9.983960802724063,4,1.5,False,1.5,1.0,518.4000000000001,8602,0.4,1.5,1.0,0.16000000000000003,False
7.023319615912209,128,0.24691358024691354,32,1.1102230246251565e-16,128,0.0043895747599451305,0.13333333333333333,0.0,kappa,1.5,0.06940601494351901,0.6940601494351901,0.9975489178468333,9.975489178468333,4,1.5,False,1.5,1.0,518.4000000000001,8603,0.4,1.5,1.0,0.16000000000000003,False
7.023319615912209,128,0.24691358024691354,32,1.1102230246251565e-16,128,0.0043895747599451305,0.13333333333333333,0.0,kappa,1.5,0.0634551436671876,0.6345514366718761,0.9972453873804609,9.97245387380461,4,1.5,False,1.5,1.0,518.4000000000001,8604,0.4,1.5,1.0,0.16000000000000003,False
7.023319615912209,128,0.24691358024691354,32,0.0,128,0.0043895747599451305,0.13333333333333333,0.0,kappa,1.5,0.056879735855434994,0.5687973585543499,0.9971792446137002,9.971792446137,4,1.5,False,1.5,1.0,518.4000000000001,8605,0.4,1.5,1.0,0.16000000000000003,False
7.023319615912209,256,0.4938271604938271,32,5.551115123125783e-17,128,0.0043895747599451305,0.13333333333333333,0.0,kappa,1.5,0.03109720441188655,0.3109720441188655,0.997411081463679,9.97411081463679,4,1.5,False,1.5,1.0,518.4000000000001,8601,0.4,1.5,1.0,0.16000000000000003,False
7.023319615912209,256,0.4938271604938271,32,0.0,128,0.0043895747599451305,0.13333333333333333,0.0,kappa,1.5,0.030256552669610425,0.30256552669610426,0.9983960802724063,9.983960802724063,4,1.5,False,1.5,1.0,518.4000000000001,8602,0.4,1.5,1.0,0.16000000000000003,False
7.023319615912209,256,0.4938271604938271,32,0.0,128,0.0043895747599451305,0.13333333333333333,0.0,kappa,1.5,0.03393329781661521,0.33933297816615204,0.9975489178468333,9.975489178468333,4,1.5,False,1.5,1.0,518.4000000000001,8603,0.4,1.5,1.0,0.16000000000000003,False
7.023319615912209,256,0.4938271604938271,32,5.551115123125783e-17,128,0.0043895747599451305,0.13333333333333333,0.0,kappa,1.5,0.03145187033549067,0.3145187033549067,0.9972453873804609,9.97245387380461,4,1.5,False,1.5,1.0,518.4000000000001,8604,0.4,1.5,1.0,0.16000000000000003,False
7.023319615912209,256,0.4938271604938271,32,0.0,128,0.0043895747599451305,0.13333333333333333,0.0,kappa,1.5,0.028388334930812654,0.2838833493081265,0.9971792446137002,9.971792446137,4,1.5,False,1.5,1.0,518.4000000000001,8605,0.4,1.5,1.0,0.16000000000000003,False
7.023319615912209,512,0.9876543209876542,32,0.0,128,0.0043895747599451305,0.13333333333333333,0.0,kappa,1.5,0.015566833997489194,0.15566833997489193,0.997411081463679,9.97411081463679,4,1.5,False,1.5,1.0,518.4000000000001,8601,0.4,1.5,1.0,0.16000000000000003,True
7.023319615912209,512,0.9876543209876542,32,0.0,128,0.0043895747599451305,0.13333333333333333,0.0,kappa,1.5,0.015124110418273695,0.15124110418273695,0.9983960802724063,9.983960802724063,4,1.5,False,1.5,1.0,518.4000000000001,8602,0.4,1.5,1.0,0.16000000000000003,True
7.023319615912209,512,0.9876543209876542,32,2.7755575615628914e-17,128,0.0043895747599451305,0.13333333333333333,0.0,kappa,1.5,0.01672510139834928,0.1672510139834928,0.9975489178468333,9.975489178468333,4,1.5,False,1.5,1.0,518.4000000000001,8603,0.4,1.5,1.0,0.16000000000000003,True
7.023319615912209,512,0.9876543209876542,32,2.7755575615628914e-17,128,0.0043895747599451305,0.13333333333333333,0.0,kappa,1.5,0.015650553429823903,0.15650553429823905,0.9972453873804609,9.97245387380461,4,1.5,False,1.5,1.0,518.4000000000001,8604,0.4,1.5,1.0,0.16000000000000003,True
7.023319615912209,512,0.9876543209876542,32,0.0,128,0.0043895747599451305,0.13333333333333333,0.0,kappa,1.5,0.014229989809110296,0.14229989809110294,0.9971792446137002,9.971792446137,4,1.5,False,1.5,1.0,518.4000000000001,8605,0.4,1.5,1.0,0.16000000000000003,True
7.023319615912209,1024,1.9753086419753083,32,0.0,128,0.0043895747599451305,0.13333333333333333,0.0,kappa,1.5,0.00779720267850093,0.07797202678500931,0.997411081463679,9.97411081463679,4,1.5,False,1.5,1.0,518.4000000000001,8601,0.4,1.5,1.0,0.16000000000000003,True
7.023319615912209,1024,1.9753086419753083,32,1.3877787807814457e-17,128,0.0043895747599451305,0.13333333333333333,0.0,kappa,1.5,0.0075682395369831455,0.07568239536983146,0.9983960802724063,9.983960802724063,4,1.5,False,1.5,1.0,518.4000000000001,8602,0.4,1.5,1.0,0.16000000000000003,True
7.023319615912209,1024,1.9753086419753083,32,0.0,128,0.0043895747599451305,0.13333333333333333,0.0,kappa,1.5,0.008286597280903873,0.08286597280903873,0.9975489178468333,9.975489178468333,4,1.5,False,1.5,1.0,518.4000000000001,8603,0.4,1.5,1.0,0.16000000000000003,True
7.023319615912209,1024,1.9753086419753083,32,0.0,128,0.0043895747599451305,0.13333333333333333,0.0,kappa,1.5,0.007804605203052541,0.07804605203052542,0.9972453873804609,9.97245387380461,4,1.5,False,1.5,1.0,518.4000000000001,8604,0.4,1.5,1.0,0.16000000000000003,True
7.023319615912209,1024,1.9753086419753083,32,0.0,128,0.0043895747599451305,0.13333333333333333,0.0,kappa,1.5,0.007140427674918612,0.0714042767491861,0.9971792446137002,9.971792446137,4,1.5,False,1.5,1.0,518.4000000000001,8605,0.4,1.5,1.0,0.16000000000000003,True
7.023319615912209,2048,3.9506172839506166,32,6.938893903907228e-18,128,0.0043895747599451305,0.13333333333333333,0.0,kappa,1.5,0.0039050632423097325,0.03905063242309732,0.997411081463679,9.97411081463679,4,1.5,False,1.5,1.0,518.4000000000001,8601,0.4,1.5,1.0,0.16000000000000003,True
7.023319615912209,2048,3.9506172839506166,32,0.0,128,0.0043895747599451305,0.13333333333333333,0.0,kappa,1.5,0.0037882862160755967,0.03788286216075597,0.9983960802724063,9.983960802724063,4,1.5,False,1.5,1.0,518.4000000000001,8602,0.4,1.5,1.0,0.16000000000000003,True
7.023319615912209,2048,3.9506172839506166,32,0.0,128,0.0043895747599451305,0.13333333333333333,0.0,kappa,1.5,0.004119029000917623,0.041190290009176234,0.9975489178468333,9.975489178468333,4,1.5,False,1.5,1.0,518.4000000000001,8603,0.4,1.5,1.0,0.16000000000000003,True
7.023319615912209,2048,3.9506172839506166,32,0.0,128,0.0043895747599451305,0.13333333333333333,0.0,kappa,1.5,0.00389656009410099,0.038965600941009905,0.9972453873804609,9.97245387380461,4,1.5,False,1.5,1.0,518.4000000000001,8604,0.4,1.5,1.0,0.16000000000000003,True
7.023319615912209,2048,3.9506172839506166,32,6.938893903907228e-18,128,0.0043895747599451305,0.13333333333333333,0.0,kappa,1.5,0.003582273949439333,0.035822739494393324,0.9971792446137002,9.971792446137,4,1.5,False,1.5,1.0,518.4000000000001,8605,0.4,1.5,1.0,0.16000000000000003,True
7.023319615912209,4096,7.901234567901233,32,0.0,128,0.0043895747599451305,0.13333333333333333,0.0,kappa,1.5,0.0019551801777256956,0.019551801777256957,0.997411081463679,9.97411081463679,4,1.5,False,1.5,1.0,518.4000000000001,8601,0.4,1.5,1.0,0.16000000000000003,True
7.023319615912209,4096,7.901234567901233,32,0.0,128,0.0043895747599451305,0.13333333333333333,0.0,kappa,1.5,0.001896131835393331,0.01896131835393331,0.9983960802724063,9.983960802724063,4,1.5,False,1.5,1.0,518.4000000000001,8602,0.4,1.5,1.0,0.16000000000000003,True
7.023319615912209,4096,7.901234567901233,32,0.0,128,0.0043895747599451305,0.13333333333333333,0.0,kappa,1.5,0.0020516121244841677,0.020516121244841676,0.9975489178468333,9.975489178468333,4,1.5,False,1.5,1.0,518.4000000000001,8603,0.4,1.5,1.0,0.16000000000000003,True
7.023319615912209,4096,7.901234567901233,32,3.469446951953614e-18,128,0.0043895747599451305,0.13333333333333333,0.0,kappa,1.5,0.0019466555234961495,0.019466555234961498,0.9972453873804609,9.97245387380461,4,1.5,False,1.5,1.0,518.4000000000001,8604,0.4,1.5,1.0,0.16000000000000003,True
7.023319615912209,4096,7.901234567901233,32,0.0,128,0.0043895747599451305,0.13333333333333333,0.0,kappa,1.5,0.001796150897459409,0.017961508974594087,0.9971792446137002,9.971792446137,4,1.5,False,1.5,1.0,518.4000000000001,8605,0.4,1.5,1.0,0.16000000000000003,True
1.25,32,0.019531249999999997,32,0.0,128,0.00078125,0.1,0.0,kappa,2.0,0.1873633011090822,2.2483596133089865,0.9976432542113464,11.971719050536157,4,2.0,False,2.0,1.0,1638.4000000000003,8601,0.4,2.0,1.0,0.16000000000000003,False
1.25,32,0.019531249999999997,32,0.0,128,0.00078125,0.1,0.0,kappa,2.0,0.17907049108711465,2.148845893045377,0.9985540417351869,11.982648500822249,4,2.0,False,2.0,1.0,1638.4000000000003,8602,0.4,2.0,1.0,0.16000000000000003,False
1.25,32,0.019531249999999997,32,0.0,128,0.00078125,0.1,0.0,kappa,2.0,0.21643798577074408,2.5972558292489296,0.9977362189619224,11.972834627543072,4,2.0,False,2.0,1.0,1638.4000000000003,8603,0.4,2.0,1.0,0.16000000000000003,False
1.25,32,0.019531249999999997,32,4.440892098500626e-16,128,0.00078125,0.1,0.0,kappa,2.0,0.18966162572152964,2.2759395086583565,0.9975058673231058,11.970070407877273,4,2.0,False,2.0,1.0,1638.4000000000003,8604,0.4,2.0,1.0,0.16000000000000003,False
1.25,32,0.019531249999999997,32,0.0,128,0.00078125,0.1,0.0,kappa,2.0,0.17393526778404597,2.0872232134085515,0.9973722705966676,11.96846724716001,4,2.0,False,2.0,1.0,1638.4000000000003,8605,0.4,2.0,1.0,0.16000000000000003,False
1.25,64,0.03906249999999999,32,2.220446049250313e-16,128,0.00078125,0.1,0.0,kappa,2.0,0.09105949764471159,1.092713971736539,0.9976432542113464,11.971719050536157,4,2.0,False,2.0,1.0,1638.4000000000003,8601,0.4,2.0,1.0,0.16000000000000003,False
1.25,64,0.03906249999999999,32,0.0,128,0.00078125,0.1,0.0,kappa,2.0,0.0886206094425957,1.0634473133111488,0.9985540417351869,11.982648500822249,4,2.0,False,2.0,1.0,1638.4000000000003,8602,0.4,2.0,1.0,0.16000000000000003,False
1.25,64,0.03906249999999999,32,0.0,128,0.00078125,0.1,0.0,kappa,2.0,0.10485565045747257,1.2582678054896712,0.9977362189619224,11.972834627543072,4,2.0,False,2.0,1.0,1638.4000000000003,8603,0.4,2.0,1.0,0.16000000000000003,False
1.25,64,0.03906249999999999,32,0.0,128,0.00078125,0.1,0.0,kappa,2.0,0.0933511940139004,1.120214328166805,0.9975058673231058,11.970070407877273,4,2.0,False,2.0,1.0,1638.4000000000003,8604,0.4,2.0,1.0,0.16000000000000003,False
1.25,64,0.03906249999999999,32,0.0,128,0.00078125,0.1,0.0,kappa,2.0,0.08394815435254922,1.0073778522305907,0.9973722705966676,11.96846724716001,4,2.0,False,2.0,1.0,1638.4000000000003,8605,0.4,2.0,1.0,0.16000000000000003,False
1.25,128,0.07812499999999999,32,0.0,128,0.00078125,0.1,0.0,kappa,2.0,0.045266849347405415,0.543202192168865,0.9976432542113464,11.971719050536157,4,2.0,False,2.0,1.0,1638.4000000000003,8601,0.4,2.0,1.0,0.16000000000000003,False
1.25,128,0.07812499999999999,32,0.0,128,0.00078125,0.1,0.0,kappa,2.0,0.04416639873117161,0.5299967847740595,0.9985540417351869,11.982648500822249,4,2.0,False,2.0,1.0,1638.4000000000003,8602,0.4,2.0,1.0,0.16000000000000003,False
1.25,128,0.07812499999999999,32,0.0,128,0.00078125,0.1,0.0,kappa,2.0,0.050996918752014134,0.6119630250241698,0.9977362189619224,11.972834627543072,4,2.0,False,2.0,1.0,1638.4000000000003,8603,0.4,2.0,1.0,0.16000000000000003,False
1.25,128,0.07812499999999999,32,0.0,128,0.00078125,0.1,0.0,kappa,2.0,0.04617725365500382,0.5541270438600461,0.9975058673231058,11.970070407877273,4,2.0,False,2.0,1.0,1638.4000000000003,8604,0.4,2.0,1.0,0.16000000000000003,False
1.25,128,0.07812499999999999,32,5.551115123125783e-17,128,0.00078125,0.1,0.0,kappa,2.0,0.04141232523791594,0.49694790285499124,0.9973722705966676,11.96846724716001,4,2.0,False,2.0,1.0,1638.4000000000003,8605,0.4,2.0,1.0,0.16000000000000003,False
1.25,256,0.15624999999999997,32,0.0,128,0.00078125,0.1,0.0,kappa,2.0,0.02265469960976209,0.27185639531714506,0.9976432542113464,11.971719050536157,4,2.0,False,2.0,1.0,1638.4000000000003,8601,0.4,2.0,1.0,0.16000000000000003,False
1.25,256,0.15624999999999997,32,0.0,128,0.00078125,0.1,0.0,kappa,2.0,0.022078579717256613,0.26494295660707945,0.9985540417351869,11.982648500822249,4,2.0,False,2.0,1.0,1638.4000000000003,8602,0.4,2.0,1.0,0.16000000000000003,False
1.25,256,0.15624999999999997,32,5.551115123125783e-17,128,0.00078125,0.1,0.0,kappa,2.0,0.024982018982473247,0.29978422778967906,0.9977362189619224,11.972834627543072,4,2.0,False,2.0,1.0,1638.4000000000003,8603,0.4,2.0,1.0,0.16000000000000003,False
1.25,256,0.15624999999999997,32,0.0,128,0.00078125,0.1,0.0,kappa,2.0,0.022939433605646646,0.27527320326775984,0.9975058673231058,11.970070407877273,4,2.0,False,2.0,1.0,1638.4000000000003,8604,0.4,2.0,1.0,0.16000000000000003,False
1.25,256,0.15624999999999997,32,0.0,128,0.00078125,0.1,0.0,kappa,2.0,0.020654323261128236,0.24785187913353882,0.9973722705966676,11.96846724716001,4,2.0,False,2.0,1.0,1638.4000000000003,8605,0.4,2.0,1.0,0.16000000000000003,False
1.25,512,0.31249999999999994,32,0.0,128,0.00078125,0.1,0.0,kappa,2.0,0.011355567535630646,0.13626681042756775,0.9976432542113464,11.971719050536157,4,2.0,False,2.0,1.0,1638.4000000000003,8601,0.4,2.0,1.0,0.16000000000000003,True
1.25,512,0.31249999999999994,32,0.0,128,0.00078125,0.1,0.0,kappa,2.0,0.0110513686816723,0.13261642418006767,0.9985540417351869,11.982648500822249,4,2.0,False,2.0,1.0,1638.4000000000003,8602,0.4,2.0,1.0,0.16000000000000003,True
1.25,512,0.31249999999999994,32,2.7755575615628914e-17,128,0.00078125,0.1,0.0,kappa,2.0,0.012319824374477633,0.14783789249373164,0.9977362189619224,11.972834627543072,4,2.0,False,2.0,1.0,1638.4000000000003,8603,0.4,2.0,1.0,0.16000000000000003,True
1.25,512,0.31249999999999994,32,2.7755575615628914e-17,128,0.00078125,0.1,0.0,kappa,2.0,0.01142615037929876,0.13711380455158517,0.9975058673231058,11.970070407877273,4,2.0,False,2.0,1.0,1638.4000000000003,8604,0.4,2.0,1.0,0.16000000000000003,True
1.25,512,0.31249999999999994,32,0.0,128,0.00078125,0.1,0.0,kappa,2.0,0.010343594191892994,0.12412313030271592,0.9973722705966676,11.96846724716001,4,2.0,False,2.0,1.0,1638.4000000000003,8605,0.4,2.0,1.0,0.16000000000000003,True
1.25,1024,0.6249999999999999,32,0.0,128,0.00078125,0.1,0.0,kappa,2.0,0.005691747062633882,0.06830096475160659,0.9976432542113464,11.971719050536157,4,2.0,False,2.0,1.0,1638.4000000000003,8601,0.4,2.0,1.0,0.16000000000000003,True
1.25,1024,0.6249999999999999,32,0.0,128,0.00078125,0.1,0.0,kappa,2.0,0.005533965725053558,0.06640758870064273,0.9985540417351869,11.982648500822249,4,2.0,False,2.0,1.0,1638.4000000000003,8602,0.4,2.0,1.0,0.16000000000000003,True
1.25,1024,0.6249999999999999,32,0.0,128,0.00078125,0.1,0.0,kappa,2.0,0.0061041958881790205,0.07325035065814826,0.9977362189619224,11.972834627543072,4,2.0,False,2.0,1.0,1638.4000000000003,8603,0.4,2.0,1.0,0.16000000000000003,True
1.25,1024,0.6249999999999999,32,0.0,128,0.00078125,0.1,0.0,kappa,2.0,0.005700269930963315,0.0684032391715598,0.9975058673231058,11.970070407877273,4,2.0,False,2.0,1.0,1638.4000000000003,8604,0.4,2.0,1.0,0.16000000000000003,True
1.25,1024,0.6249999999999999,32,0.0,128,0.00078125,0.1,0.0,kappa,2.0,0.005185671932273295,0.062228063187279546,0.9973722705966676,11.96846724716001,4,2.0,False,2.0,1.0,1638.4000000000003,8605,0.4,2.0,1.0,0.16000000000000003,True
1.25,2048,1.2499999999999998,32,0.0,128,0.00078125,0.1,0.0,kappa,2.0,0.002851636706100856,0.03421964047321027,0.9976432542113464,11.971719050536157,4,2.0,False,2.0,1.0,1638.4000000000003,8601,0.4,2.0,1.0,0.16000000000000003,True
1.25,2048,1.2499999999999998,32,6.938893903907228e-18,128,0.00078125,0.1,0.0,kappa,2.0,0.0027710449170758123,0.033252539004909765,0.9985540417351869,11.982648500822249,4,2.0,False,2.0,1.0,1638.4000000000003,8602,0.4,2.0,1.0,0.16000000000000003,True
1.25,2048,1.2499999999999998,32,0.0,128,0.00078125,0.1,0.0,kappa,2.0,0.0030338614433622355,0.036406337320346836,0.9977362189619224,11.972834627543072,4,2.0,False,2.0,1.0,1638.4000000000003,8603,0.4,2.0,1.0,0.16000000000000003,True
1.25,2048,1.2499999999999998,32,6.938893903907228e-18,128,0.00078125,0.1,0.0,kappa,2.0,0.002846308147295158,0.034155697767541904,0.9975058673231058,11.970070407877273,4,2.0,False,2.0,1.0,1638.4000000000003,8604,0.4,2.0,1.0,0.16000000000000003,True
1.25,2048,1.2499999999999998,32,0.0,128,0.00078125,0.1,0.0,kappa,2.0,0.002599648579856119,0.031195782958273424,0.9973722705966676,11.96846724716001,4,2.0,False,2.0,1.0,1638.4000000000003,8605,0.4,2.0,1.0,0.16000000000000003,True
1.25,4096,2.4999999999999996,32,0.0,128,0.00078125,0.1,0.0,kappa,2.0,0.0014280388462029007,0.017136466154434808,0.9976432542113464,11.971719050536157,4,2.0,False,2.0,1.0,1638.4000000000003,8601,0.4,2.0,1.0,0.16000000000000003,True
1.25,4096,2.4999999999999996,32,3.469446951953614e-18,128,0.00078125,0.1,0.0,kappa,2.0,0.0013872696842898865,0.016647236211478646,0.9985540417351869,11.982648500822249,4,2.0,False,2.0,1.0,1638.4000000000003,8602,0.4,2.0,1.0,0.16000000000000003,True
1.25,4096,2.4999999999999996,32,0.0,128,0.00078125,0.1,0.0,kappa,2.0,0.0015108873535648116,0.018130648242777745,0.9977362189619224,11.972834627543072,4,2.0,False,2.0,1.0,1638.4000000000003,8603,0.4,2.0,1.0,0.16000000000000003,True
1.25,4096,2.4999999999999996,32,3.469446951953614e-18,128,0.00078125,0.1,0.0,kappa,2.0,0.0014219865488972526,0.017063838586767036,0.9975058673231058,11.970070407877273,4,2.0,False,2.0,1.0,1638.4000000000003,8604,0.4,2.0,1.0,0.16000000000000003,True
1.25,4096,2.4999999999999996,32,0.0,128,0.00078125,0.1,0.0,kappa,2.0,0.001302693181808313,0.015632318181699755,0.9973722705966676,11.96846724716001,4,2.0,False,2.0,1.0,1638.4000000000003,8605,0.4,2.0,1.0,0.16000000000000003,True
80.0,32,0.07812499999999999,32,0.0,128,0.1,0.4,0.0,sigma_k,0.5,2.0962330131300426,8.38493205252017,0.9960206541869883,3.984082616747953,4,1.0,False,1.0,0.5,409.6000000000001,8601,0.4,0.5,0.5,0.16000000000000003,False
80.0,32,0.07812499999999999,32,0.0,128,0.1,0.4,0.0,sigma_k,0.5,1.806232180938733,7.224928723754935,0.9975265424046305,3.9901061696185236,4,1.0,False,1.0,0.5,409.6000000000001,8602,0.4,0.5,0.5,0.16000000000000003,False
80.0,32,0.07812499999999999,32,1.7763568394002505e-15,128,0.1,0.4,0.0,sigma_k,0.5,2.0022370932198674,8.00894837287947,0.9963230712030552,3.9852922848122208,4,1.0,False,1.0,0.5,409.6000000000001,8603,0.4,0.5,0.5,0.16000000000000003,False
80.0,32,0.07812499999999999,32,0.0,128,0.1,0.4,0.0,sigma_k,0.5,1.8384330396987156,7.353732158794866,0.995734805095135,3.982939220380542,4,1.0,False,1.0,0.5,409.6000000000001,8604,0.4,0.5,0.5,0.16000000000000003,False
80.0,32,0.07812499999999999,32,0.0,128,0.1,0.4,0.0,sigma_k,0.5,2.02965218335195,8.1186087334078,0.9958135769609495,3.983254307843798,4,1.0,False,1.0,0.5,409.6000000000001,8605,0.4,0.5,0.5,0.16000000000000003,False
80.0,64,0.15624999999999997,32,0.0,128,0.1,0.4,0.0,sigma_k,0.5,1.2847611211070122,5.139044484428049,0.9960206541869883,3.984082616747953,4,1.0,False,1.0,0.5,409.6000000000001,8601,0.4,0.5,0.5,0.16000000000000003,False
80.0,64,0.15624999999999997,32,4.440892098500626e-16,128,0.1,0.4,0.0,sigma_k,0.5,0.9266260366284278,3.706504146513713,0.9975265424046305,3.9901061696185236,4,1.0,False,1.0,0.5,409.6000000000001,8602,0.4,0.5,0.5,0.16000000000000003,False
80.0,64,0.15624999999999997,32,0.0,128,0.1,0.4,0.0,sigma_k,0.5,1.0830254617516903,4.332101847006761,0.9963230712030552,3.9852922848122208,4,1.0,False,1.0,0.5,409.6000000000001,8603,0.4,0.5,0.5,0.16000000000000003,False
80.0,64,0.15624999999999997,32,0.0,128,0.1,0.4,0.0,sigma_k,0.5,0.9290773960956227,3.7163095843824925,0.995734805095135,3.982939220380542,4,1.0,False,1.0,0.5,409.6000000000001,8604,0.4,0.5,0.5,0.16000000000000003,False
80.0,64,0.15624999999999997,32,0.0,128,0.1,0.4,0.0,sigma_k,0.5,1.0955116812672872,4.382046725069149,0.9958135769609495,3.983254307843798,4,1.0,False,1.0,0.5,409.6000000000001,8605,0.4,0.5,0.5,0.16000000000000003,False
80.0,128,0.31249999999999994,32,0.0,128,0.1,0.4,0.0,sigma_k,0.5,0.4141522914230023,1.6566091656920092,0.9960206541869883,3.984082616747953,4,1.0,False,1.0,0.5,409.6000000000001,8601,0.4,0.5,0.5,0.16000000000000003,False
80.0,128,0.31249999999999994,32,0.0,128,0.1,0.4,0.0,sigma_k,0.5,0.41968903103984234,1.67875612415937,0.9975265424046305,3.9901061696185236,4,1.0,False,1.0,0.5,409.6000000000001,8602,0.4,0.5,0.5,0.16000000000000003,False
80.0,128,0.31249999999999994,32,0.0,128,0.1,0.4,0.0,sigma_k,0.5,0.47902848153363997,1.9161139261345599,0.9963230712030552,3.9852922848122208,4,1.0,False,1.0,0.5,409.6000000000001,8603,0.4,0.5,0.5,0.16000000000000003,False
80.0,128,0.31249999999999994,32,2.220446049250313e-16,128,0.1,0.4,0.0,sigma_k,0.5,0.40967698174852546,1.6387079269941025,0.995734805095135,3.982939220380542,4,1.0,False,1.0,0.5,409.6000000000001,8604,0.4,0.5,0.5,0.16000000000000003,False
80.0,128,0.31249999999999994,32,2.220446049250313e-16,128,0.1,0.4,0.0,sigma_k,0.5,0.37915438299763793,1.5166175319905517,0.9958135769609495,3.983254307843798,4,1.0,False,1.0,0.5,409.6000000000001,8605,0.4,0.5,0.5,0.16000000000000003,False
80.0,256,0.6249999999999999,32,0.0,128,0.1,0.4,0.0,sigma_k,0.5,0.19428794506063662,0.7771517802425465,0.9960206541869883,3.984082616747953,4,1.0,False,1.0,0.5,409.6000000000001,8601,0.4,0.5,0.5,0.16000000000000003,False
80.0,256,0.6249999999999999,32,0.0,128,0.1,0.4,0.0,sigma_k,0.5,0.19233370992136914,0.7693348396854769,0.9975265424046305,3.9901061696185236,4,1.0,False,1.0,0.5,409.6000000000001,8602,0.4,0.5,0.5,0.16000000000000003,False
80.0,256,0.6249999999999999,32,0.0,128,0.1,0.4,0.0,sigma_k,0.5,0.22155657230043327,0.8862262892017331,0.9963230712030552,3.9852922848122208,4,1.0,False,1.0,0.5,409.6000000000001,8603,0.4,0.5,0.5,0.16000000000000003,False
80.0,256,0.6249999999999999,32,1.1102230246251565e-16,128,0.1,0.4,0.0,sigma_k,0.5,0.19713119589684489,0.7885247835873799,0.995734805095135,3.982939220380542,4,1.0,False,1.0,0.5,409.6000000000001,8604,0.4,0.5,0.5,0.16000000000000003,False
80.0,256,0.6249999999999999,32,0.0,128,0.1,0.4,0.0,sigma_k,0.5,0.17685541302283164,0.7074216520913266,0.9958135769609495,3.983254307843798,4,1.0,False,1.0,0.5,409.6000000000001,8605,0.4,0.5,0.5,0.16000000000000003,False
80.0,512,1.2499999999999998,32,0.0,128,0.1,0.4,0.0,sigma_k,0.5,0.09507048023079474,0.380281920923179,0.9960206541869883,3.984082616747953,4,1.0,False,1.0,0.5,409.6000000000001,8601,0.4,0.5,0.5,0.16000000000000003,False
80.0,512,1.2499999999999998,32,5.551115123125783e-17,128,0.1,0.4,0.0,sigma_k,0.5,0.09302699660314222,0.37210798641256904,0.9975265424046305,3.9901061696185236,4,1.0,False,1.0,0.5,409.6000000000001,8602,0.4,0.5,0.5,0.16000000000000003,False
80.0,512,1.2499999999999998,32,0.0,128,0.1,0.4,0.0,sigma_k,0.5,0.10542023283257793,0.4216809313303117,0.9963230712030552,3.9852922848122208,4,1.0,False,1.0,0.5,409.6000000000001,8603,0.4,0.5,0.5,0.16000000000000003,False
80.0,512,1.2499999999999998,32,0.0,128,0.1,0.4,0.0,sigma_k,0.5,0.09640919978573863,0.3856367991429547,0.995734805095135,3.982939220380542,4,1.0,False,1.0,0.5,409.6000000000001,8604,0.4,0.5,0.5,0.16000000000000003,False
80.0,512,1.2499999999999998,32,5.551115123125783e-17,128,0.1,0.4,0.0,sigma_k,0.5,0.08659932292699499,0.34639729170797995,0.9958135769609495,3.983254307843798,4,1.0,False,1.0,0.5,409.6000000000001,8605,0.4,0.5,0.5,0.16000000000000003,False
80.0,1024,2.4999999999999996,32,0.0,128,0.1,0.4,0.0,sigma_k,0.5,0.047220215252488054,0.18888086100995222,0.9960206541869883,3.984082616747953,4,1.0,False,1.0,0.5,409.6000000000001,8601,0.4,0.5,0.5,0.16000000000000003,True
80.0,1024,2.4999999999999996,32,0.0,128,0.1,0.4,0.0,sigma_k,0.5,0.045962605216900716,0.18385042086760295,0.9975265424046305,3.9901061696185236,4,1.0,False,1.0,0.5,409.6000000000001,8602,0.4,0.5,0.5,0.16000000000000003,True
80.0,1024,2.4999999999999996,32,2.7755575615628914e-17,128,0.1,0.4,0.0,sigma_k,0.5,0.051141990101396896,0.20456796040558758,0.9963230712030552,3.9852922848122208,4,1.0,False,1.0,0.5,409.6000000000001,8603,0.4,0.5,0.5,0.16000000000000003,False
80.0,1024,2.4999999999999996,32,0.0,128,0.1,0.4,0.0,sigma_k,0.5,0.04765161687772683,0.1906064675109074,0.995734805095135,3.982939220380542,4,1.0,False,1.0,0.5,409.6000000000001,8604,0.4,0.5,0.5,0.16000000000000003,True
80.0,1024,2.4999999999999996,32,0.0,128,0.1,0.4,0.0,sigma_k,0.5,0.04313795692396715,0.1725518276958686,0.9958135769609495,3.983254307843798,4,1.0,False,1.0,0.5,409.6000000000001,8605,0.4,0.5,0.5,0.16000000000000003,True
80.0,2048,4.999999999999999,32,0.0,128,0.1,0.4,0.0,sigma_k,0.5,0.02357755852118703,0.09431023408474812,0.9960206541869883,3.984082616747953,4,1.0,False,1.0,0.5,409.6000000000001,8601,0.4,0.5,0.5,0.16000000000000003,True
80.0,2048,4.999999999999999,32,0.0,128,0.1,0.4,0.0,sigma_k,0.5,0.02289194192870481,0.09156776771481928,0.9975265424046305,3.9901061696185236,4,1.0,False,1.0,0.5,409.6000000000001,8602,0.4,0.5,0.5,0.16000000000000003,True
80.0,2048,4.999999999999999,32,0.0,128,0.1,0.4,0.0,sigma_k,0.5,0.025118507634012636,0.10047403053605054,0.9963230712030552,3.9852922848122208,4,1.0,False,1.0,0.5,409.6000000000001,8603,0.4,0.5,0.5,0.16000000000000003,True
80.0,2048,4.999999999999999,32,0.0,128,0.1,0.4,0.0,sigma_k,0.5,0.023690984957363843,0.09476393982945541,0.995734805095135,3.982939220380542,4,1.0,False,1.0,0.5,409.6000000000001,8604,0.4,0.5,0.5,0.16000000000000003,True
80.0,2048,4.999999999999999,32,0.0,128,0.1,0.4,0.0,sigma_k,0.5,0.021624079305636063,0.08649631722254425,0.9958135769609495,3.983254307843798,4,1.0,False,1.0,0.5,409.6000000000001,8605,0.4,0.5,0.5,0.16000000000000003,True
80.0,4096,9.999999999999998,32,0.0,128,0.1,0.4,0.0,sigma_k,0.5,0.011793504106522959,0.047174016426091835,0.9960206541869883,3.984082616747953,4,1.0,False,1.0,0.5,409.6000000000001,8601,0.4,0.5,0.5,0.16000000000000003,True
80.0,4096,9.999999999999998,32,0.0,128,0.1,0.4,0.0,sigma_k,0.5,0.011437083340815096,0.0457483333632604,0.9975265424046305,3.9901061696185236,4,1.0,False,1.0,0.5,409.6000000000001,8602,0.4,0.5,0.5,0.16000000000000003,True
80.0,4096,9.999999999999998,32,0.0,128,0.1,0.4,0.0,sigma_k,0.5,0.01242586872526288,0.04970347490105152,0.9963230712030552,3.9852922848122208,4,1.0,False,1.0,0.5,409.6000000000001,8603,0.4,0.5,0.5,0.16000000000000003,True
80.0,4096,9.999999999999998,32,0.0,128,0.1,0.4,0.0,sigma_k,0.5,0.011813675558888482,0.04725470223555395,0.995734805095135,3.982939220380542,4,1.0,False,1.0,0.5,409.6000000000001,8604,0.4,0.5,0.5,0.16000000000000003,True
80.0,4096,9.999999999999998,32,0.0,128,0.1,0.4,0.0,sigma_k,0.5,0.010858446936959133,0.04343378774783653,0.9958135769609495,3.983254307843798,4,1.0,False,1.0,0.5,409.6000000000001,8605,0.4,0.5,0.5,0.16000000000000003,True
80.0,32,0.31249999999999994,32,0.0,128,0.05,0.2,0.0,sigma_k,1.0,0.4141522914231055,3.313218331384844,0.9971022419861009,7.976817935888807,4,1.0,False,1.0,1.0,102.40000000000002,8601,0.4,1.0,1.0,0.16000000000000003,False
80.0,32,0.31249999999999994,32,0.0,128,0.05,0.2,0.0,sigma_k,1.0,0.4196890310398428,3.357512248318743,0.9981772226702532,7.9854177813620275,4,1.0,False,1.0,1.0,102.40000000000002,8602,0.4,1.0,1.0,0.16000000000000003,False
80.0,32,0.31249999999999994,32,0.0,128,0.05,0.2,0.0,sigma_k,1.0,0.4790284815336402,3.8322278522691215,0.9973183693427953,7.978546954742362,4,1.0,False,1.0,1.0,102.40000000000002,8603,0.4,1.0,1.0,0.16000000000000003,False
80.0,32,0.31249999999999994,32,4.440892098500626e-16,128,0.05,0.2,0.0,sigma_k,1.0,0.40967698174852546,3.2774158539882046,0.9968945939162273,7.97515675132982,4,1.0,False,1.0,1.0,102.40000000000002,8604,0.4,1.0,1.0,0.16000000000000003,False
80.0,32,0.31249999999999994,32,0.0,128,0.05,0.2,0.0,sigma_k,1.0,0.37915438299763665,3.0332350639810928,0.9969519953735622,7.975615962988496,4,1.0,False,1.0,1.0,102.40000000000002,8605,0.4,1.0,1.0,0.16000000000000003,False
80.0,64,0.6249999999999999,32,0.0,128,0.05,0.2,0.0,sigma_k,1.0,0.19428794506063654,1.5543035604850923,0.9971022419861009,7.976817935888807,4,1.0,False,1.0,1.0,102.40000000000002,8601,0.4,1.0,1.0,0.16000000000000003,False
80.0,64,0.6249999999999999,32,0.0,128,0.05,0.2,0.0,sigma_k,1.0,0.19233370992136906,1.538669679370953,0.9981772226702532,7.9854177813620275,4,1.0,False,1.0,1.0,102.40000000000002,8602,0.4,1.0,1.0,0.16000000000000003,False
80.0,64,0.6249999999999999,32,0.0,128,0.05,0.2,0.0,sigma_k,1.0,0.22155657230043324,1.772452578403466,0.9973183693427953,7.978546954742362,4,1.0,False,1.0,1.0,102.40000000000002,8603,0.4,1.0,1.0,0.16000000000000003,False
80.0,64,0.6249999999999999,32,0.0,128,0.05,0.2,0.0,sigma_k,1.0,0.197131195896845,1.5770495671747604,0.9968945939162273,7.97515675132982,4,1.0,False,1.0,1.0,102.40000000000002,8604,0.4,1.0,1.0,0.16000000000000003,False
80.0,64,0.6249999999999999,32,2.220446049250313e-16,128,0.05,0.2,0.0,sigma_k,1.0,0.17685541302283167,1.4148433041826531,0.9969519953735622,7.975615962988496,4,1.0,False,1.0,1.0,102.40000000000002,8605,0.4,1.0,1.0,0.16000000000000003,False
80.0,128,1.2499999999999998,32,0.0,128,0.05,0.2,0.0,sigma_k,1.0,0.09507048023079476,0.7605638418463581,0.9971022419861009,7.976817935888807,4,1.0,False,1.0,1.0,102.40000000000002,8601,0.4,1.0,1.0,0.16000000000000003,False
80.0,128,1.2499999999999998,32,1.1102230246251565e-16,128,0.05,0.2,0.0,sigma_k,1.0,0.09302699660314236,0.744215972825139,0.9981772226702532,7.9854177813620275,4,1.0,False,1.0,1.0,102.40000000000002,8602,0.4,1.0,1.0,0.16000000000000003,False
80.0,128,1.2499999999999998,32,0.0,128,0.05,0.2,0.0,sigma_k,1.0,0.10542023283257787,0.843361862660623,0.9973183693427953,7.978546954742362,4,1.0,False,1.0,1.0,102.40000000000002,8603,0.4,1.0,1.0,0.16000000000000003,False
80.0,128,1.2499999999999998,32,0.0,128,0.05,0.2,0.0,sigma_k,1.0,0.0964091997857386,0.771273598285909,0.9968945939162273,7.97515675132982,4,1.0,False,1.0,1.0,102.40000000000002,8604,0.4,1.0,1.0,0.16000000000000003,False
80.0,128,1.2499999999999998,32,0.0,128,0.05,0.2,0.0,sigma_k,1.0,0.08659932292699506,0.6927945834159603,0.9969519953735622,7.975615962988496,4,1.0,False,1.0,1.0,102.40000000000002,8605,0.4,1.0,1.0,0.16000000000000003,False
80.0,256,2.4999999999999996,32,5.551115123125783e-17,128,0.05,0.2,0.0,sigma_k,1.0,0.04722021525248804,0.3777617220199043,0.9971022419861009,7.976817935888807,4,1.0,False,1.0,1.0,102.40000000000002,8601,0.4,1.0,1.0,0.16000000000000003,False
80.0,256,2.4999999999999996,32,0.0,128,0.05,0.2,0.0,sigma_k,1.0,0.04596260521690072,0.36770084173520584,0.9981772226702532,7.9854177813620275,4,1.0,False,1.0,1.0,102.40000000000002,8602,0.4,1.0,1.0,0.16000000000000003,False
80.0,256,2.4999999999999996,32,5.551115123125783e-17,128,0.05,0.2,0.0,sigma_k,1.0,0.051141990101396875,0.409135920811175,0.9973183693427953,7.978546954742362,4,1.0,False,1.0,1.0,102.40000000000002,8603,0.4,1.0,1.0,0.16000000000000003,False
80.0,256,2.4999999999999996,32,5.551115123125783e-17,128,0.05,0.2,0.0,sigma_k,1.0,0.04765161687772686,0.38121293502181497,0.9968945939162273,7.97515675132982,4,1.0,False,1.0,1.0,102.40000000000002,8604,0.4,1.0,1.0,0.16000000000000003,False
80.0,256,2.4999999999999996,32,0.0,128,0.05,0.2,0.0,sigma_k,1.0,0.04313795692396711,0.3451036553917368,0.9969519953735622,7.975615962988496,4,1.0,False,1.0,1.0,102.40000000000002,8605,0.4,1.0,1.0,0.16000000000000003,False
80.0,512,4.999999999999999,32,0.0,128,0.05,0.2,0.0,sigma_k,1.0,0.023577558521187023,0.18862046816949618,0.9971022419861009,7.976817935888807,4,1.0,False,1.0,1.0,102.40000000000002,8601,0.4,1.0,1.0,0.16000000000000003,True
80.0,512,4.999999999999999,32,0.0,128,0.05,0.2,0.0,sigma_k,1.0,0.022891941928704817,0.18313553542963856,0.9981772226702532,7.9854177813620275,4,1.0,False,1.0,1.0,102.40000000000002,8602,0.4,1.0,1.0,0.16000000000000003,True
80.0,512,4.999999999999999,32,0.0,128,0.05,0.2,0.0,sigma_k,1.0,0.025118507634012622,0.20094806107210098,0.9973183693427953,7.978546954742362,4,1.0,False,1.0,1.0,102.40000000000002,8603,0.4,1.0,1.0,0.16000000000000003,False
80.0,512,4.999999999999999,32,0.0,128,0.05,0.2,0.0,sigma_k,1.0,0.023690984957363853,0.18952787965891088,0.9968945939162273,7.97515675132982,4,1.0,False,1.0,1.0,102.40000000000002,8604,0.4,1.0,1.0,0.16000000000000003,True
80.0,512,4.999999999999999,32,0.0,128,0.05,0.2,0.0,sigma_k,1.0,0.02162407930563606,0.17299263444508844,0.9969519953735622,7.975615962988496,4,1.0,False,1.0,1.0,102.40000000000002,8605,0.4,1.0,1.0,0.16000000000000003,True
80.0,1024,9.999999999999998,32,0.0,128,0.05,0.2,0.0,sigma_k,1.0,0.011793504106522947,0.09434803285218357,0.9971022419861009,7.976817935888807,4,1.0,False,1.0,1.0,102.40000000000002,8601,0.4,1.0,1.0,0.16000000000000003,True
80.0,1024,9.999999999999998,32,0.0,128,0.05,0.2,0.0,sigma_k,1.0,0.011437083340815094,0.09149666672652076,0.9981772226702532,7.9854177813620275,4,1.0,False,1.0,1.0,102.40000000000002,8602,0.4,1.0,1.0,0.16000000000000003,True
80.0,1024,9.999999999999998,32,0.0,128,0.05,0.2,0.0,sigma_k,1.0,0.012425868725262884,0.09940694980210307,0.9973183693427953,7.978546954742362,4,1.0,False,1.0,1.0,102.40000000000002,8603,0.4,1.0,1.0,0.16000000000000003,True
80.0,1024,9.999999999999998,32,0.0,128,0.05,0.2,0.0,sigma_k,1.0,0.011813675558888485,0.09450940447110791,0.9968945939162273,7.97515675132982,4,1.0,False,1.0,1.0,102.40000000000002,8604,0.4,1.0,1.0,0.16000000000000003,True
80.0,1024,9.999999999999998,32,0.0,128,0.05,0.2,0.0,sigma_k,1.0,0.010858446936959126,0.08686757549567299,0.9969519953735622,7.975615962988496,4,1.0,False,1.0,1.0,102.40000000000002,8605,0.4,1.0,1.0,0.16000000000000003,True
80.0,2048,19.999999999999996,32,6.938893903907228e-18,128,0.05,0.2,0.0,sigma_k,1.0,0.0059020533348733036,0.04721642667898643,0.9971022419861009,7.976817935888807,4,1.0,False,1.0,1.0,102.40000000000002,8601,0.4,1.0,1.0,0.16000000000000003,True
80.0,2048,19.999999999999996,32,6.938893903907228e-18,128,0.05,0.2,0.0,sigma_k,1.0,0.0057207133857177265,0.04576570708574182,0.9981772226702532,7.9854177813620275,4,1.0,False,1.0,1.0,102.40000000000002,8602,0.4,1.0,1.0,0.16000000000000003,True
80.0,2048,19.999999999999996,32,0.0,128,0.05,0.2,0.0,sigma_k,1.0,0.006172394880539894,0.04937915904431915,0.9973183693427953,7.978546954742362,4,1.0,False,1.0,1.0,102.40000000000002,8603,0.4,1.0,1.0,0.16000000000000003,True
80.0,2048,19.999999999999996,32,0.0,128,0.05,0.2,0.0,sigma_k,1.0,0.005899664166738492,0.04719731333390795,0.9968945939162273,7.97515675132982,4,1.0,False,1.0,1.0,102.40000000000002,8604,0.4,1.0,1.0,0.16000000000000003,True
80.0,2048,19.999999999999996,32,0.0,128,0.05,0.2,0.0,sigma_k,1.0,0.005452257326273767,0.04361805861019013,0.9969519953735622,7.975615962988496,4,1.0,False,1.0,1.0,102.40000000000002,8605,0.4,1.0,1.0,0.16000000000000003,True
80.0,4096,39.99999999999999,32,0.0,128,0.05,0.2,0.0,sigma_k,1.0,0.0029537595572013534,0.023630076457610828,0.9971022419861009,7.976817935888807,4,1.0,False,1.0,1.0,102.40000000000002,8601,0.4,1.0,1.0,0.16000000000000003,True
80.0,4096,39.99999999999999,32,0.0,128,0.05,0.2,0.0,sigma_k,1.0,0.00286242121261334,0.022899369700906724,0.9981772226702532,7.9854177813620275,4,1.0,False,1.0,1.0,102.40000000000002,8602,0.4,1.0,1.0,0.16000000000000003,True
80.0,4096,39.99999999999999,32,0.0,128,0.05,0.2,0.0,sigma_k,1.0,0.0030735072537072207,0.024588058029657765,0.9973183693427953,7.978546954742362,4,1.0,False,1.0,1.0,102.40000000000002,8603,0.4,1.0,1.0,0.16000000000000003,True
80.0,4096,39.99999999999999,32,0.0,128,0.05,0.2,0.0,sigma_k,1.0,0.0029483416794926784,0.023586733435941434,0.9968945939162273,7.97515675132982,4,1.0,False,1.0,1.0,102.40000000000002,8604,0.4,1.0,1.0,0.16000000000000003,True
80.0,4096,39.99999999999999,32,0.0,128,0.05,0.2,0.0,sigma_k,1.0,0.002735929635939015,0.021887437087512118,0.9969519953735622,7.975615962988496,4,1.0,False,1.0,1.0,102.40000000000002,8605,0.4,1.0,1.0,0.16000000000000003,True
80.0,32,1.2499999999999998,32,2.220446049250313e-16,128,0.025,0.1,0.0,sigma_k,2.0,0.09507048023079473,1.5211276836927157,0.9979090078557183,15.966544125691494,4,1.0,False,1.0,2.0,25.600000000000005,8601,0.4,2.0,2.0,0.16000000000000003,False
80.0,32,1.2499999999999998,32,2.220446049250313e-16,128,0.025,0.1,0.0,sigma_k,2.0,0.09302699660314238,1.4884319456502788,0.9986742124440009,15.978787399104021,4,1.0,False,1.0,2.0,25.600000000000005,8602,0.4,2.0,2.0,0.16000000000000003,False
80.0,32,1.2499999999999998,32,2.220446049250313e-16,128,0.025,0.1,0.0,sigma_k,2.0,0.10542023283257781,1.686723725321245,0.9980629760921806,15.96900761747489,4,1.0,False,1.0,2.0,25.600000000000005,8603,0.4,2.0,2.0,0.16000000000000003,False
80.0,32,1.2499999999999998,32,0.0,128,0.025,0.1,0.0,sigma_k,2.0,0.09640919978573857,1.5425471965718178,0.9977594173780959,15.964150678049542,4,1.0,False,1.0,2.0,25.600000000000005,8604,0.4,2.0,2.0,0.16000000000000003,False
80.0,32,1.2499999999999998,32,0.0,128,0.025,0.1,0.0,sigma_k,2.0,0.08659932292699497,1.3855891668319196,0.9978008570062532,15.964813712100051,4,1.0,False,1.0,2.0,25.600000000000005,8605,0.4,2.0,2.0,0.16000000000000003,False
80.0,64,2.4999999999999996,32,0.0,128,0.025,0.1,0.0,sigma_k,2.0,0.04722021525248802,0.7555234440398083,0.9979090078557183,15.966544125691494,4,1.0,False,1.0,2.0,25.600000000000005,8601,0.4,2.0,2.0,0.16000000000000003,False
80.0,64,2.4999999999999996,32,0.0,128,0.025,0.1,0.0,sigma_k,2.0,0.045962605216900716,0.7354016834704118,0.9986742124440009,15.978787399104021,4,1.0,False,1.0,2.0,25.600000000000005,8602,0.4,2.0,2.0,0.16000000000000003,False
80.0,64,2.4999999999999996,32,0.0,128,0.025,0.1,0.0,sigma_k,2.0,0.05114199010139688,0.8182718416223501,0.9980629760921806,15.96900761747489,4,1.0,False,1.0,2.0,25.600000000000005,8603,0.4,2.0,2.0,0.16000000000000003,False
80.0,64,2.4999999999999996,32,0.0,128,0.025,0.1,0.0,sigma_k,2.0,0.04765161687772686,0.76242587004363,0.9977594173780959,15.964150678049542,4,1.0,False,1.0,2.0,25.600000000000005,8604,0.4,2.0,2.0,0.16000000000000003,False
80.0,64,2.4999999999999996,32,1.1102230246251565e-16,128,0.025,0.1,0.0,sigma_k,2.0,0.043137956923967116,0.6902073107834739,0.9978008570062532,15.964813712100051,4,1.0,False,1.0,2.0,25.600000000000005,8605,0.4,2.0,2.0,0.16000000000000003,False
80.0,128,4.999999999999999,32,0.0,128,0.025,0.1,0.0,sigma_k,2.0,0.02357755852118703,0.37724093633899247,0.9979090078557183,15.966544125691494,4,1.0,False,1.0,2.0,25.600000000000005,8601,0.4,2.0,2.0,0.16000000000000003,False
80.0,128,4.999999999999999,32,0.0,128,0.025,0.1,0.0,sigma_k,2.0,0.02289194192870481,0.3662710708592771,0.9986742124440009,15.978787399104021,4,1.0,False,1.0,2.0,25.600000000000005,8602,0.4,2.0,2.0,0.16000000000000003,False
80.0,128,4.999999999999999,32,5.551115123125783e-17,128,0.025,0.1,0.0,sigma_k,2.0,0.025118507634012646,0.40189612214420234,0.9980629760921806,15.96900761747489,4,1.0,False,1.0,2.0,25.600000000000005,8603,0.4,2.0,2.0,0.16000000000000003,False
80.0,128,4.999999999999999,32,0.0,128,0.025,0.1,0.0,sigma_k,2.0,0.02369098495736383,0.37905575931782143,0.9977594173780959,15.964150678049542,4,1.0,False,1.0,2.0,25.600000000000005,8604,0.4,2.0,2.0,0.16000000000000003,False
80.0,128,4.999999999999999,32,5.551115123125783e-17,128,0.025,0.1,0.0,sigma_k,2.0,0.02162407930563604,0.34598526889017667,0.9978008570062532,15.964813712100051,4,1.0,False,1.0,2.0,25.600000000000005,8605,0.4,2.0,2.0,0.16000000000000003,False
80.0,256,9.999999999999998,32,2.7755575615628914e-17,128,0.025,0.1,0.0,sigma_k,2.0,0.011793504106522947,0.18869606570436714,0.9979090078557183,15.966544125691494,4,1.0,False,1.0,2.0,25.600000000000005,8601,0.4,2.0,2.0,0.16000000000000003,True
80.0,256,9.999999999999998,32,0.0,128,0.025,0.1,0.0,sigma_k,2.0,0.011437083340815075,0.18299333345304128,0.9986742124440009,15.978787399104021,4,1.0,False,1.0,2.0,25.600000000000005,8602,0.4,2.0,2.0,0.16000000000000003,True
80.0,256,9.999999999999998,32,0.0,128,0.025,0.1,0.0,sigma_k,2.0,0.012425868725262884,0.19881389960420615,0.9980629760921806,15.96900761747489,4,1.0,False,1.0,2.0,25.600000000000005,8603,0.4,2.0,2.0,0.16000000000000003,True
80.0,256,9.999999999999998,32,0.0,128,0.025,0.1,0.0,sigma_k,2.0,0.01181367555888848,0.18901880894221576,0.9977594173780959,15.964150678049542,4,1.0,False,1.0,2.0,25.600000000000005,8604,0.4,2.0,2.0,0.16000000000000003,True
80.0,256,9.999999999999998,32,0.0,128,0.025,0.1,0.0,sigma_k,2.0,0.010858446936959122,0.17373515099134595,0.9978008570062532,15.964813712100051,4,1.0,False,1.0,2.0,25.600000000000005,8605,0.4,2.0,2.0,0.16000000000000003,True
80.0,512,19.999999999999996,32,0.0,128,0.025,0.1,0.0,sigma_k,2.0,0.0059020533348733036,0.09443285335797286,0.9979090078557183,15.966544125691494,4,1.0,False,1.0,2.0,25.600000000000005,8601,0.4,2.0,2.0,0.16000000000000003,True
80.0,512,19.999999999999996,32,0.0,128,0.025,0.1,0.0,sigma_k,2.0,0.005720713385717743,0.09153141417148393,0.9986742124440009,15.978787399104021,4,1.0,False,1.0,2.0,25.600000000000005,8602,0.4,2.0,2.0,0.16000000000000003,True
80.0,512,19.999999999999996,32,0.0,128,0.025,0.1,0.0,sigma_k,2.0,0.006172394880539882,0.09875831808863811,0.9980629760921806,15.96900761747489,4,1.0,False,1.0,2.0,25.600000000000005,8603,0.4,2.0,2.0,0.16000000000000003,True
80.0,512,19.999999999999996,32,1.3877787807814457e-17,128,0.025,0.1,0.0,sigma_k,2.0,0.005899664166738498,0.094394626667816,0.9977594173780959,15.964150678049542,4,1.0,False,1.0,2.0,25.600000000000005,8604,0.4,2.0,2.0,0.16000000000000003,True
80.0,512,19.999999999999996,32,1.3877787807814457e-17,128,0.025,0.1,0.0,sigma_k,2.0,0.005452257326273762,0.08723611722038019,0.9978008570062532,15.964813712100051,4,1.0,False,1.0,2.0,25.600000000000005,8605,0.4,2.0,2.0,0.16000000000000003,True
80.0,1024,39.99999999999999,32,0.0,128,0.025,0.1,0.0,sigma_k,2.0,0.0029537595572013517,0.04726015291522163,0.9979090078557183,15.966544125691494,4,1.0,False,1.0,2.0,25.600000000000005,8601,0.4,2.0,2.0,0.16000000000000003,True
80.0,1024,39.99999999999999,32,6.938893903907228e-18,128,0.025,0.1,0.0,sigma_k,2.0,0.002862421212613335,0.04579873940181338,0.9986742124440009,15.978787399104021,4,1.0,False,1.0,2.0,25.600000000000005,8602,0.4,2.0,2.0,0.16000000000000003,True
80.0,1024,39.99999999999999,32,0.0,128,0.025,0.1,0.0,sigma_k,2.0,0.0030735072537072103,0.049176116059315364,0.9980629760921806,15.96900761747489,4,1.0,False,1.0,2.0,25.600000000000005,8603,0.4,2.0,2.0,0.16000000000000003,True
80.0,1024,39.99999999999999,32,6.938893903907228e-18,128,0.025,0.1,0.0,sigma_k,2.0,0.002948341679492685,0.04717346687188298,0.9977594173780959,15.964150678049542,4,1.0,False,1.0,2.0,25.600000000000005,8604,0.4,2.0,2.0,0.16000000000000003,True
80.0,1024,39.99999999999999,32,0.0,128,0.025,0.1,0.0,sigma_k,2.0,0.0027359296359390183,0.04377487417502429,0.9978008570062532,15.964813712100051,4,1.0,False,1.0,2.0,25.600000000000005,8605,0.4,2.0,2.0,0.16000000000000003,True
80.0,2048,79.99999999999999,32,0.0,128,0.025,0.1,0.0,sigma_k,2.0,0.0014780553612526734,0.023648885780042775,0.9979090078557183,15.966544125691494,4,1.0,False,1.0,2.0,25.600000000000005,8601,0.4,2.0,2.0,0.16000000000000003,True
80.0,2048,79.99999999999999,32,0.0,128,0.025,0.1,0.0,sigma_k,2.0,0.0014322629130474349,0.02291620660875897,0.9986742124440009,15.978787399104021,4,1.0,False,1.0,2.0,25.600000000000005,8602,0.4,2.0,2.0,0.16000000000000003,True
80.0,2048,79.99999999999999,32,0.0,128,0.025,0.1,0.0,sigma_k,2.0,0.0015326767066784377,0.024522827306855004,0.9980629760921806,15.96900761747489,4,1.0,False,1.0,2.0,25.600000000000005,8603,0.4,2.0,2.0,0.16000000000000003,True
80.0,2048,79.99999999999999,32,3.469446951953614e-18,128,0.025,0.1,0.0,sigma_k,2.0,0.0014739115305482588,0.02358258448877215,0.9977594173780959,15.964150678049542,4,1.0,False,1.0,2.0,25.600000000000005,8604,0.4,2.0,2.0,0.16000000000000003,True
80.0,2048,79.99999999999999,32,0.0,128,0.025,0.1,0.0,sigma_k,2.0,0.0013718475318934137,0.02194956051029462,0.9978008570062532,15.964813712100051,4,1.0,False,1.0,2.0,25.600000000000005,8605,0.4,2.0,2.0,0.16000000000000003,True
80.0,4096,159.99999999999997,32,0.0,128,0.025,0.1,0.0,sigma_k,2.0,0.0007394951313524278,0.011831922101638845,0.9979090078557183,15.966544125691494,4,1.0,False,1.0,2.0,25.600000000000005,8601,0.4,2.0,2.0,0.16000000000000003,True
80.0,4096,159.99999999999997,32,1.734723475976807e-18,128,0.025,0.1,0.0,sigma_k,2.0,0.0007165842478578153,0.01146534796572505,0.9986742124440009,15.978787399104021,4,1.0,False,1.0,2.0,25.600000000000005,8602,0.4,2.0,2.0,0.16000000000000003,True
80.0,4096,159.99999999999997,32,0.0,128,0.025,0.1,0.0,sigma_k,2.0,0.0007649995465557944,0.01223999274489271,0.9980629760921806,15.96900761747489,4,1.0,False,1.0,2.0,25.600000000000005,8603,0.4,2.0,2.0,0.16000000000000003,True
80.0,4096,159.99999999999997,32,0.0,128,0.025,0.1,0.0,sigma_k,2.0,0.0007369322853076142,0.011790916564921832,0.9977594173780959,15.964150678049542,4,1.0,False,1.0,2.0,25.600000000000005,8604,0.4,2.0,2.0,0.16000000000000003,True
80.0,4096,159.99999999999997,32,0.0,128,0.025,0.1,0.0,sigma_k,2.0,0.000687401921913505,0.01099843075061608,0.9978008570062532,15.964813712100051,4,1.0,False,1.0,2.0,25.600000000000005,8605,0.4,2.0,2.0,0.16000000000000003,True
